,county,year,metric,value
0,Anderson,2015,median_household_income,42744
1,Anderson,2015,median_income_error,3992
2,Anderson,2015,mean_household_income,64741
3,Anderson,2015,mean_income_error,9750
4,Anderson,2016,median_household_income,46055
5,Anderson,2016,median_income_error,5106
6,Anderson,2016,mean_household_income,61601
7,Anderson,2016,mean_income_error,4376
8,Anderson,2017,median_household_income,48109
9,Anderson,2017,median_income_error,5663
10,Anderson,2017,mean_household_income,69687
11,Anderson,2017,mean_income_error,8264
12,Anderson,2018,median_household_income,50616
13,Anderson,2018,median_income_error,3864
14,Anderson,2018,mean_household_income,65130
15,Anderson,2018,mean_income_error,3864
16,Anderson,2019,median_household_income,49044
17,Anderson,2019,median_income_error,5511
18,Anderson,2019,mean_household_income,65367
19,Anderson,2019,mean_income_error,6155
20,Anderson,2021,median_household_income,60364
21,Anderson,2021,median_income_error,9111
22,Anderson,2021,mean_household_income,75147
23,Anderson,2021,mean_income_error,6027
24,Anderson,2022,median_household_income,67746
25,Anderson,2022,median_income_error,9389
26,Anderson,2022,mean_household_income,82246
27,Anderson,2022,mean_income_error,6431
28,Anderson,2015,pov_children,40.8
29,Anderson,2015,pov_children_error,10.2
30,Anderson,2015,pov_adult,19.0
31,Anderson,2015,pov_adult_error,3.9
32,Anderson,2015,pov_no_hs,41.3
33,Anderson,2015,pov_no_hs_error,9.1
34,Anderson,2015,pov_bach,1.0
35,Anderson,2015,pov_bach_error,1.0
36,Anderson,2015,pov_employed,9.1
37,Anderson,2015,pov_employed_error,2.9
38,Anderson,2015,pov_no_work,27.1
39,Anderson,2015,pov_no_work_error,5.2
40,Anderson,2016,pov_children,13.7
41,Anderson,2016,pov_children_error,6.6
42,Anderson,2016,pov_adult,13.6
43,Anderson,2016,pov_adult_error,3.3
44,Anderson,2016,pov_no_hs,29.9
45,Anderson,2016,pov_no_hs_error,10.8
46,Anderson,2016,pov_bach,6.9
47,Anderson,2016,pov_bach_error,4.1
48,Anderson,2016,pov_employed,8.3
49,Anderson,2016,pov_employed_error,3.3
50,Anderson,2016,pov_no_work,19.3
51,Anderson,2016,pov_no_work_error,4.9
52,Anderson,2017,pov_children,21.8
53,Anderson,2017,pov_children_error,8.4
54,Anderson,2017,pov_adult,16.0
55,Anderson,2017,pov_adult_error,3.9
56,Anderson,2017,pov_no_hs,35.9
57,Anderson,2017,pov_no_hs_error,13.4
58,Anderson,2017,pov_bach,3.3
59,Anderson,2017,pov_bach_error,3.0
60,Anderson,2017,pov_employed,6.5
61,Anderson,2017,pov_employed_error,2.7
62,Anderson,2017,pov_no_work,21.9
63,Anderson,2017,pov_no_work_error,5.5
64,Anderson,2018,pov_children,22.1
65,Anderson,2018,pov_children_error,11.4
66,Anderson,2018,pov_adult,21.5
67,Anderson,2018,pov_adult_error,5.9
68,Anderson,2018,pov_no_hs,43.2
69,Anderson,2018,pov_no_hs_error,15.5
70,Anderson,2018,pov_bach,4.6
71,Anderson,2018,pov_bach_error,2.8
72,Anderson,2018,pov_employed,11.9
73,Anderson,2018,pov_employed_error,4.4
74,Anderson,2018,pov_no_work,24.4
75,Anderson,2018,pov_no_work_error,5.7
76,Anderson,2019,pov_children,25.5
77,Anderson,2019,pov_children_error,9.4
78,Anderson,2019,pov_adult,15.9
79,Anderson,2019,pov_adult_error,4.2
80,Anderson,2019,pov_no_hs,29.2
81,Anderson,2019,pov_no_hs_error,10.9
82,Anderson,2019,pov_bach,6.6
83,Anderson,2019,pov_bach_error,3.8
84,Anderson,2019,pov_employed,5.1
85,Anderson,2019,pov_employed_error,2.0
86,Anderson,2019,pov_no_work,27.4
87,Anderson,2019,pov_no_work_error,6.4
88,Anderson,2021,pov_children,17.8
89,Anderson,2021,pov_children_error,7.7
90,Anderson,2021,pov_adult,15.3
91,Anderson,2021,pov_adult_error,3.3
92,Anderson,2021,pov_no_hs,27.9
93,Anderson,2021,pov_no_hs_error,14.6
94,Anderson,2021,pov_bach,5.6
95,Anderson,2021,pov_bach_error,4.4
96,Anderson,2021,pov_employed,6.9
97,Anderson,2021,pov_employed_error,2.8
98,Anderson,2021,pov_no_work,24.9
99,Anderson,2021,pov_no_work_error,5.5
100,Anderson,2022,pov_children,10.7
101,Anderson,2022,pov_children_error,5.2
102,Anderson,2022,pov_adult,14.1
103,Anderson,2022,pov_adult_error,3.7
104,Anderson,2022,pov_no_hs,48.4
105,Anderson,2022,pov_no_hs_error,15.9
106,Anderson,2022,pov_bach,3.0
107,Anderson,2022,pov_bach_error,2.0
108,Anderson,2022,pov_employed,6.1
109,Anderson,2022,pov_employed_error,2.5
110,Anderson,2022,pov_no_work,21.4
111,Anderson,2022,pov_no_work_error,5.5
112,Blount,2015,median_household_income,49134
113,Blount,2015,median_income_error,4032
114,Blount,2015,mean_household_income,69463
115,Blount,2015,mean_income_error,7164
116,Blount,2016,median_household_income,51183
117,Blount,2016,median_income_error,2059
118,Blount,2016,mean_household_income,66674
119,Blount,2016,mean_income_error,3980
120,Blount,2017,median_household_income,50675
121,Blount,2017,median_income_error,2864
122,Blount,2017,mean_household_income,72103
123,Blount,2017,mean_income_error,8018
124,Blount,2018,median_household_income,58809
125,Blount,2018,median_income_error,4446
126,Blount,2018,mean_household_income,74417
127,Blount,2018,mean_income_error,4446
128,Blount,2019,median_household_income,59276
129,Blount,2019,median_income_error,4526
130,Blount,2019,mean_household_income,75208
131,Blount,2019,mean_income_error,4080
132,Blount,2021,median_household_income,62102
133,Blount,2021,median_income_error,4678
134,Blount,2021,mean_household_income,82281
135,Blount,2021,mean_income_error,6055
136,Blount,2022,median_household_income,69756
137,Blount,2022,median_income_error,4643
138,Blount,2022,mean_household_income,91775
139,Blount,2022,mean_income_error,7347
140,Blount,2015,pov_children,20.0
141,Blount,2015,pov_children_error,6.7
142,Blount,2015,pov_adult,12.3
143,Blount,2015,pov_adult_error,2.8
144,Blount,2015,pov_no_hs,26.7
145,Blount,2015,pov_no_hs_error,11.8
146,Blount,2015,pov_bach,4.4
147,Blount,2015,pov_bach_error,4.3
148,Blount,2015,pov_employed,5.0
149,Blount,2015,pov_employed_error,1.6
150,Blount,2015,pov_no_work,17.8
151,Blount,2015,pov_no_work_error,4.7
152,Blount,2016,pov_children,13.0
153,Blount,2016,pov_children_error,4.9
154,Blount,2016,pov_adult,10.9
155,Blount,2016,pov_adult_error,2.4
156,Blount,2016,pov_no_hs,21.5
157,Blount,2016,pov_no_hs_error,7.8
158,Blount,2016,pov_bach,3.0
159,Blount,2016,pov_bach_error,2.0
160,Blount,2016,pov_employed,6.8
161,Blount,2016,pov_employed_error,2.0
162,Blount,2016,pov_no_work,13.9
163,Blount,2016,pov_no_work_error,3.8
164,Blount,2017,pov_children,20.6
165,Blount,2017,pov_children_error,7.2
166,Blount,2017,pov_adult,11.2
167,Blount,2017,pov_adult_error,2.6
168,Blount,2017,pov_no_hs,27.2
169,Blount,2017,pov_no_hs_error,8.8
170,Blount,2017,pov_bach,3.4
171,Blount,2017,pov_bach_error,1.9
172,Blount,2017,pov_employed,5.9
173,Blount,2017,pov_employed_error,2.0
174,Blount,2017,pov_no_work,16.0
175,Blount,2017,pov_no_work_error,3.2
176,Blount,2018,pov_children,7.4
177,Blount,2018,pov_children_error,3.8
178,Blount,2018,pov_adult,9.8
179,Blount,2018,pov_adult_error,1.9
180,Blount,2018,pov_no_hs,24.6
181,Blount,2018,pov_no_hs_error,7.8
182,Blount,2018,pov_bach,2.1
183,Blount,2018,pov_bach_error,1.5
184,Blount,2018,pov_employed,4.9
185,Blount,2018,pov_employed_error,1.6
186,Blount,2018,pov_no_work,15.1
187,Blount,2018,pov_no_work_error,3.2
188,Blount,2019,pov_children,12.4
189,Blount,2019,pov_children_error,5.3
190,Blount,2019,pov_adult,10.5
191,Blount,2019,pov_adult_error,2.6
192,Blount,2019,pov_no_hs,28.9
193,Blount,2019,pov_no_hs_error,9.4
194,Blount,2019,pov_bach,3.0
195,Blount,2019,pov_bach_error,1.8
196,Blount,2019,pov_employed,4.2
197,Blount,2019,pov_employed_error,1.7
198,Blount,2019,pov_no_work,17.6
199,Blount,2019,pov_no_work_error,3.8
200,Blount,2021,pov_children,12.5
201,Blount,2021,pov_children_error,5.5
202,Blount,2021,pov_adult,8.6
203,Blount,2021,pov_adult_error,2.1
204,Blount,2021,pov_no_hs,20.1
205,Blount,2021,pov_no_hs_error,7.4
206,Blount,2021,pov_bach,3.9
207,Blount,2021,pov_bach_error,2.4
208,Blount,2021,pov_employed,4.9
209,Blount,2021,pov_employed_error,1.8
210,Blount,2021,pov_no_work,12.7
211,Blount,2021,pov_no_work_error,2.9
212,Blount,2022,pov_children,9.4
213,Blount,2022,pov_children_error,3.6
214,Blount,2022,pov_adult,8.2
215,Blount,2022,pov_adult_error,1.9
216,Blount,2022,pov_no_hs,19.2
217,Blount,2022,pov_no_hs_error,10.2
218,Blount,2022,pov_bach,3.6
219,Blount,2022,pov_bach_error,1.8
220,Blount,2022,pov_employed,3.7
221,Blount,2022,pov_employed_error,1.4
222,Blount,2022,pov_no_work,16.0
223,Blount,2022,pov_no_work_error,3.4
224,Bradley,2015,median_household_income,42922
225,Bradley,2015,median_income_error,3065
226,Bradley,2015,mean_household_income,65371
227,Bradley,2015,mean_income_error,9418
228,Bradley,2016,median_household_income,44853
229,Bradley,2016,median_income_error,3202
230,Bradley,2016,mean_household_income,59809
231,Bradley,2016,mean_income_error,4639
232,Bradley,2017,median_household_income,48857
233,Bradley,2017,median_income_error,5506
234,Bradley,2017,mean_household_income,62902
235,Bradley,2017,mean_income_error,3975
236,Bradley,2018,median_household_income,50560
237,Bradley,2018,median_income_error,3023
238,Bradley,2018,mean_household_income,69462
239,Bradley,2018,mean_income_error,3023
240,Bradley,2019,median_household_income,52468
241,Bradley,2019,median_income_error,5149
242,Bradley,2019,mean_household_income,66632
243,Bradley,2019,mean_income_error,4372
244,Bradley,2021,median_household_income,56139
245,Bradley,2021,median_income_error,6663
246,Bradley,2021,mean_household_income,75661
247,Bradley,2021,mean_income_error,7140
248,Bradley,2022,median_household_income,63659
249,Bradley,2022,median_income_error,5619
250,Bradley,2022,mean_household_income,80138
251,Bradley,2022,mean_income_error,6492
252,Bradley,2015,pov_children,26.8
253,Bradley,2015,pov_children_error,8.8
254,Bradley,2015,pov_adult,20.1
255,Bradley,2015,pov_adult_error,4.2
256,Bradley,2015,pov_no_hs,29.5
257,Bradley,2015,pov_no_hs_error,7.9
258,Bradley,2015,pov_bach,7.3
259,Bradley,2015,pov_bach_error,4.1
260,Bradley,2015,pov_employed,7.5
261,Bradley,2015,pov_employed_error,2.4
262,Bradley,2015,pov_no_work,28.2
263,Bradley,2015,pov_no_work_error,5.4
264,Bradley,2016,pov_children,17.7
265,Bradley,2016,pov_children_error,6.6
266,Bradley,2016,pov_adult,13.6
267,Bradley,2016,pov_adult_error,2.9
268,Bradley,2016,pov_no_hs,27.2
269,Bradley,2016,pov_no_hs_error,8.3
270,Bradley,2016,pov_bach,4.0
271,Bradley,2016,pov_bach_error,2.3
272,Bradley,2016,pov_employed,6.9
273,Bradley,2016,pov_employed_error,2.1
274,Bradley,2016,pov_no_work,18.4
275,Bradley,2016,pov_no_work_error,4.9
276,Bradley,2017,pov_children,23.9
277,Bradley,2017,pov_children_error,7.4
278,Bradley,2017,pov_adult,18.4
279,Bradley,2017,pov_adult_error,3.4
280,Bradley,2017,pov_no_hs,35.7
281,Bradley,2017,pov_no_hs_error,9.7
282,Bradley,2017,pov_bach,2.7
283,Bradley,2017,pov_bach_error,1.8
284,Bradley,2017,pov_employed,7.8
285,Bradley,2017,pov_employed_error,2.1
286,Bradley,2017,pov_no_work,30.8
287,Bradley,2017,pov_no_work_error,4.8
288,Bradley,2018,pov_children,25.5
289,Bradley,2018,pov_children_error,9.6
290,Bradley,2018,pov_adult,13.3
291,Bradley,2018,pov_adult_error,3.4
292,Bradley,2018,pov_no_hs,31.3
293,Bradley,2018,pov_no_hs_error,12.5
294,Bradley,2018,pov_bach,6.9
295,Bradley,2018,pov_bach_error,5.1
296,Bradley,2018,pov_employed,8.0
297,Bradley,2018,pov_employed_error,2.5
298,Bradley,2018,pov_no_work,20.4
299,Bradley,2018,pov_no_work_error,6.3
300,Bradley,2019,pov_children,17.0
301,Bradley,2019,pov_children_error,6.0
302,Bradley,2019,pov_adult,15.2
303,Bradley,2019,pov_adult_error,3.6
304,Bradley,2019,pov_no_hs,38.5
305,Bradley,2019,pov_no_hs_error,11.2
306,Bradley,2019,pov_bach,5.0
307,Bradley,2019,pov_bach_error,3.5
308,Bradley,2019,pov_employed,6.3
309,Bradley,2019,pov_employed_error,2.6
310,Bradley,2019,pov_no_work,24.6
311,Bradley,2019,pov_no_work_error,6.6
312,Bradley,2021,pov_children,10.3
313,Bradley,2021,pov_children_error,4.6
314,Bradley,2021,pov_adult,9.6
315,Bradley,2021,pov_adult_error,3.1
316,Bradley,2021,pov_no_hs,15.8
317,Bradley,2021,pov_no_hs_error,7.6
318,Bradley,2021,pov_bach,3.4
319,Bradley,2021,pov_bach_error,2.5
320,Bradley,2021,pov_employed,3.4
321,Bradley,2021,pov_employed_error,1.6
322,Bradley,2021,pov_no_work,15.9
323,Bradley,2021,pov_no_work_error,4.9
324,Bradley,2022,pov_children,18.1
325,Bradley,2022,pov_children_error,7.2
326,Bradley,2022,pov_adult,12.5
327,Bradley,2022,pov_adult_error,3.3
328,Bradley,2022,pov_no_hs,22.8
329,Bradley,2022,pov_no_hs_error,10.3
330,Bradley,2022,pov_bach,4.8
331,Bradley,2022,pov_bach_error,3.1
332,Bradley,2022,pov_employed,7.7
333,Bradley,2022,pov_employed_error,2.9
334,Bradley,2022,pov_no_work,16.0
335,Bradley,2022,pov_no_work_error,3.9
336,Davidson,2015,median_household_income,52026
337,Davidson,2015,median_income_error,1366
338,Davidson,2015,mean_household_income,74479
339,Davidson,2015,mean_income_error,2633
340,Davidson,2016,median_household_income,54855
341,Davidson,2016,median_income_error,2291
342,Davidson,2016,mean_household_income,78234
343,Davidson,2016,mean_income_error,2429
344,Davidson,2017,median_household_income,58490
345,Davidson,2017,median_income_error,2466
346,Davidson,2017,mean_household_income,82600
347,Davidson,2017,mean_income_error,2562
348,Davidson,2018,median_household_income,60856
349,Davidson,2018,median_income_error,1690
350,Davidson,2018,mean_household_income,87535
351,Davidson,2018,mean_income_error,1690
352,Davidson,2019,median_household_income,63938
353,Davidson,2019,median_income_error,2439
354,Davidson,2019,mean_household_income,92592
355,Davidson,2019,mean_income_error,3086
356,Davidson,2021,median_household_income,65348
357,Davidson,2021,median_income_error,2957
358,Davidson,2021,mean_household_income,99415
359,Davidson,2021,mean_income_error,4200
360,Davidson,2022,median_household_income,72473
361,Davidson,2022,median_income_error,2059
362,Davidson,2022,mean_household_income,106423
363,Davidson,2022,mean_income_error,4172
364,Davidson,2015,pov_children,27.5
365,Davidson,2015,pov_children_error,3.8
366,Davidson,2015,pov_adult,14.7
367,Davidson,2015,pov_adult_error,1.2
368,Davidson,2015,pov_no_hs,32.8
369,Davidson,2015,pov_no_hs_error,4.0
370,Davidson,2015,pov_bach,4.0
371,Davidson,2015,pov_bach_error,0.9
372,Davidson,2015,pov_employed,8.0
373,Davidson,2015,pov_employed_error,1.0
374,Davidson,2015,pov_no_work,27.8
375,Davidson,2015,pov_no_work_error,2.4
376,Davidson,2016,pov_children,22.3
377,Davidson,2016,pov_children_error,3.5
378,Davidson,2016,pov_adult,13.6
379,Davidson,2016,pov_adult_error,1.2
380,Davidson,2016,pov_no_hs,27.1
381,Davidson,2016,pov_no_hs_error,3.5
382,Davidson,2016,pov_bach,6.1
383,Davidson,2016,pov_bach_error,1.1
384,Davidson,2016,pov_employed,6.7
385,Davidson,2016,pov_employed_error,0.9
386,Davidson,2016,pov_no_work,27.8
387,Davidson,2016,pov_no_work_error,2.4
388,Davidson,2017,pov_children,23.7
389,Davidson,2017,pov_children_error,3.7
390,Davidson,2017,pov_adult,12.8
391,Davidson,2017,pov_adult_error,1.2
392,Davidson,2017,pov_no_hs,28.3
393,Davidson,2017,pov_no_hs_error,4.3
394,Davidson,2017,pov_bach,5.5
395,Davidson,2017,pov_bach_error,1.1
396,Davidson,2017,pov_employed,7.0
397,Davidson,2017,pov_employed_error,0.9
398,Davidson,2017,pov_no_work,24.3
399,Davidson,2017,pov_no_work_error,2.7
400,Davidson,2018,pov_children,27.5
401,Davidson,2018,pov_children_error,3.6
402,Davidson,2018,pov_adult,12.7
403,Davidson,2018,pov_adult_error,1.2
404,Davidson,2018,pov_no_hs,28.9
405,Davidson,2018,pov_no_hs_error,4.5
406,Davidson,2018,pov_bach,4.3
407,Davidson,2018,pov_bach_error,0.8
408,Davidson,2018,pov_employed,7.9
409,Davidson,2018,pov_employed_error,0.9
410,Davidson,2018,pov_no_work,23.8
411,Davidson,2018,pov_no_work_error,2.5
412,Davidson,2019,pov_children,17.5
413,Davidson,2019,pov_children_error,3.6
414,Davidson,2019,pov_adult,11.2
415,Davidson,2019,pov_adult_error,1.2
416,Davidson,2019,pov_no_hs,23.0
417,Davidson,2019,pov_no_hs_error,4.3
418,Davidson,2019,pov_bach,5.4
419,Davidson,2019,pov_bach_error,1.2
420,Davidson,2019,pov_employed,6.5
421,Davidson,2019,pov_employed_error,0.8
422,Davidson,2019,pov_no_work,22.3
423,Davidson,2019,pov_no_work_error,2.3
424,Davidson,2021,pov_children,22.4
425,Davidson,2021,pov_children_error,3.1
426,Davidson,2021,pov_adult,13.8
427,Davidson,2021,pov_adult_error,1.1
428,Davidson,2021,pov_no_hs,30.9
429,Davidson,2021,pov_no_hs_error,6.2
430,Davidson,2021,pov_bach,6.0
431,Davidson,2021,pov_bach_error,1.0
432,Davidson,2021,pov_employed,6.9
433,Davidson,2021,pov_employed_error,0.9
434,Davidson,2021,pov_no_work,27.7
435,Davidson,2021,pov_no_work_error,3.0
436,Davidson,2022,pov_children,22.1
437,Davidson,2022,pov_children_error,4.1
438,Davidson,2022,pov_adult,12.2
439,Davidson,2022,pov_adult_error,1.2
440,Davidson,2022,pov_no_hs,24.0
441,Davidson,2022,pov_no_hs_error,5.1
442,Davidson,2022,pov_bach,5.1
443,Davidson,2022,pov_bach_error,1.0
444,Davidson,2022,pov_employed,6.6
445,Davidson,2022,pov_employed_error,0.9
446,Davidson,2022,pov_no_work,26.3
447,Davidson,2022,pov_no_work_error,2.7
448,Greene,2015,median_household_income,34768
449,Greene,2015,median_income_error,3121
450,Greene,2015,mean_household_income,53180
451,Greene,2015,mean_income_error,6781
452,Greene,2016,median_household_income,41109
453,Greene,2016,median_income_error,2427
454,Greene,2016,mean_household_income,60485
455,Greene,2016,mean_income_error,8852
456,Greene,2017,median_household_income,37920
457,Greene,2017,median_income_error,6194
458,Greene,2017,mean_household_income,51332
459,Greene,2017,mean_income_error,4195
460,Greene,2018,median_household_income,47383
461,Greene,2018,median_income_error,6574
462,Greene,2018,mean_household_income,61071
463,Greene,2018,mean_income_error,6574
464,Greene,2019,median_household_income,44722
465,Greene,2019,median_income_error,5473
466,Greene,2019,mean_household_income,60317
467,Greene,2019,mean_income_error,6299
468,Greene,2021,median_household_income,56488
469,Greene,2021,median_income_error,4232
470,Greene,2021,mean_household_income,73551
471,Greene,2021,mean_income_error,8708
472,Greene,2022,median_household_income,48918
473,Greene,2022,median_income_error,6418
474,Greene,2022,mean_household_income,62860
475,Greene,2022,mean_income_error,7783
476,Greene,2015,pov_children,20.4
477,Greene,2015,pov_children_error,7.6
478,Greene,2015,pov_adult,18.4
479,Greene,2015,pov_adult_error,4.1
480,Greene,2015,pov_no_hs,32.9
481,Greene,2015,pov_no_hs_error,11.0
482,Greene,2015,pov_bach,6.3
483,Greene,2015,pov_bach_error,3.7
484,Greene,2015,pov_employed,9.0
485,Greene,2015,pov_employed_error,3.5
486,Greene,2015,pov_no_work,25.4
487,Greene,2015,pov_no_work_error,5.4
488,Greene,2016,pov_children,25.5
489,Greene,2016,pov_children_error,7.9
490,Greene,2016,pov_adult,16.7
491,Greene,2016,pov_adult_error,4.1
492,Greene,2016,pov_no_hs,29.7
493,Greene,2016,pov_no_hs_error,10.3
494,Greene,2016,pov_bach,3.5
495,Greene,2016,pov_bach_error,3.3
496,Greene,2016,pov_employed,8.0
497,Greene,2016,pov_employed_error,3.2
498,Greene,2016,pov_no_work,23.3
499,Greene,2016,pov_no_work_error,5.4
500,Greene,2017,pov_children,27.4
501,Greene,2017,pov_children_error,12.3
502,Greene,2017,pov_adult,19.5
503,Greene,2017,pov_adult_error,4.6
504,Greene,2017,pov_no_hs,30.9
505,Greene,2017,pov_no_hs_error,11.0
506,Greene,2017,pov_bach,7.6
507,Greene,2017,pov_bach_error,7.1
508,Greene,2017,pov_employed,9.9
509,Greene,2017,pov_employed_error,4.2
510,Greene,2017,pov_no_work,24.7
511,Greene,2017,pov_no_work_error,5.3
512,Greene,2018,pov_children,24.5
513,Greene,2018,pov_children_error,9.7
514,Greene,2018,pov_adult,12.5
515,Greene,2018,pov_adult_error,3.1
516,Greene,2018,pov_no_hs,18.8
517,Greene,2018,pov_no_hs_error,8.5
518,Greene,2018,pov_bach,4.1
519,Greene,2018,pov_bach_error,4.1
520,Greene,2018,pov_employed,6.4
521,Greene,2018,pov_employed_error,2.4
522,Greene,2018,pov_no_work,18.0
523,Greene,2018,pov_no_work_error,5.6
524,Greene,2019,pov_children,28.8
525,Greene,2019,pov_children_error,12.8
526,Greene,2019,pov_adult,15.4
527,Greene,2019,pov_adult_error,4.2
528,Greene,2019,pov_no_hs,29.5
529,Greene,2019,pov_no_hs_error,12.1
530,Greene,2019,pov_bach,5.3
531,Greene,2019,pov_bach_error,5.3
532,Greene,2019,pov_employed,6.9
533,Greene,2019,pov_employed_error,3.3
534,Greene,2019,pov_no_work,20.4
535,Greene,2019,pov_no_work_error,6.0
536,Greene,2021,pov_children,8.5
537,Greene,2021,pov_children_error,6.7
538,Greene,2021,pov_adult,9.7
539,Greene,2021,pov_adult_error,3.0
540,Greene,2021,pov_no_hs,24.4
541,Greene,2021,pov_no_hs_error,9.0
542,Greene,2021,pov_bach,1.3
543,Greene,2021,pov_bach_error,1.6
544,Greene,2021,pov_employed,3.3
545,Greene,2021,pov_employed_error,1.7
546,Greene,2021,pov_no_work,16.5
547,Greene,2021,pov_no_work_error,4.8
548,Greene,2022,pov_children,28.1
549,Greene,2022,pov_children_error,12.3
550,Greene,2022,pov_adult,18.0
551,Greene,2022,pov_adult_error,3.9
552,Greene,2022,pov_no_hs,25.4
553,Greene,2022,pov_no_hs_error,12.2
554,Greene,2022,pov_bach,7.0
555,Greene,2022,pov_bach_error,5.3
556,Greene,2022,pov_employed,8.7
557,Greene,2022,pov_employed_error,2.9
558,Greene,2022,pov_no_work,24.4
559,Greene,2022,pov_no_work_error,6.8
560,Hamilton,2015,median_household_income,48580
561,Hamilton,2015,median_income_error,2897
562,Hamilton,2015,mean_household_income,68277
563,Hamilton,2015,mean_income_error,2392
564,Hamilton,2016,median_household_income,47898
565,Hamilton,2016,median_income_error,2625
566,Hamilton,2016,mean_household_income,71471
567,Hamilton,2016,mean_income_error,3462
568,Hamilton,2017,median_household_income,51302
569,Hamilton,2017,median_income_error,3226
570,Hamilton,2017,mean_household_income,76230
571,Hamilton,2017,mean_income_error,3656
572,Hamilton,2018,median_household_income,57280
573,Hamilton,2018,median_income_error,2712
574,Hamilton,2018,mean_household_income,79174
575,Hamilton,2018,mean_income_error,2712
576,Hamilton,2019,median_household_income,57502
577,Hamilton,2019,median_income_error,2831
578,Hamilton,2019,mean_household_income,82222
579,Hamilton,2019,mean_income_error,3442
580,Hamilton,2021,median_household_income,66096
581,Hamilton,2021,median_income_error,3581
582,Hamilton,2021,mean_household_income,93224
583,Hamilton,2021,mean_income_error,5397
584,Hamilton,2022,median_household_income,76219
585,Hamilton,2022,median_income_error,3846
586,Hamilton,2022,mean_household_income,104450
587,Hamilton,2022,mean_income_error,3940
588,Hamilton,2015,pov_children,21.9
589,Hamilton,2015,pov_children_error,3.8
590,Hamilton,2015,pov_adult,13.8
591,Hamilton,2015,pov_adult_error,1.7
592,Hamilton,2015,pov_no_hs,28.4
593,Hamilton,2015,pov_no_hs_error,5.3
594,Hamilton,2015,pov_bach,5.0
595,Hamilton,2015,pov_bach_error,1.5
596,Hamilton,2015,pov_employed,7.5
597,Hamilton,2015,pov_employed_error,1.2
598,Hamilton,2015,pov_no_work,20.5
599,Hamilton,2015,pov_no_work_error,2.9
600,Hamilton,2016,pov_children,18.3
601,Hamilton,2016,pov_children_error,3.8
602,Hamilton,2016,pov_adult,12.3
603,Hamilton,2016,pov_adult_error,1.8
604,Hamilton,2016,pov_no_hs,35.2
605,Hamilton,2016,pov_no_hs_error,5.9
606,Hamilton,2016,pov_bach,3.8
607,Hamilton,2016,pov_bach_error,1.6
608,Hamilton,2016,pov_employed,5.2
609,Hamilton,2016,pov_employed_error,1.2
610,Hamilton,2016,pov_no_work,22.3
611,Hamilton,2016,pov_no_work_error,2.9
612,Hamilton,2017,pov_children,16.4
613,Hamilton,2017,pov_children_error,3.7
614,Hamilton,2017,pov_adult,12.2
615,Hamilton,2017,pov_adult_error,1.5
616,Hamilton,2017,pov_no_hs,26.9
617,Hamilton,2017,pov_no_hs_error,6.2
618,Hamilton,2017,pov_bach,3.6
619,Hamilton,2017,pov_bach_error,1.1
620,Hamilton,2017,pov_employed,5.7
621,Hamilton,2017,pov_employed_error,1.1
622,Hamilton,2017,pov_no_work,18.8
623,Hamilton,2017,pov_no_work_error,2.2
624,Hamilton,2018,pov_children,17.8
625,Hamilton,2018,pov_children_error,4.2
626,Hamilton,2018,pov_adult,12.7
627,Hamilton,2018,pov_adult_error,1.5
628,Hamilton,2018,pov_no_hs,30.2
629,Hamilton,2018,pov_no_hs_error,6.1
630,Hamilton,2018,pov_bach,3.7
631,Hamilton,2018,pov_bach_error,1.3
632,Hamilton,2018,pov_employed,6.8
633,Hamilton,2018,pov_employed_error,1.3
634,Hamilton,2018,pov_no_work,18.7
635,Hamilton,2018,pov_no_work_error,2.4
636,Hamilton,2019,pov_children,19.4
637,Hamilton,2019,pov_children_error,3.9
638,Hamilton,2019,pov_adult,11.6
639,Hamilton,2019,pov_adult_error,1.5
640,Hamilton,2019,pov_no_hs,28.6
641,Hamilton,2019,pov_no_hs_error,6.1
642,Hamilton,2019,pov_bach,4.0
643,Hamilton,2019,pov_bach_error,1.4
644,Hamilton,2019,pov_employed,5.6
645,Hamilton,2019,pov_employed_error,1.0
646,Hamilton,2019,pov_no_work,19.5
647,Hamilton,2019,pov_no_work_error,2.9
648,Hamilton,2021,pov_children,17.0
649,Hamilton,2021,pov_children_error,4.1
650,Hamilton,2021,pov_adult,11.7
651,Hamilton,2021,pov_adult_error,1.8
652,Hamilton,2021,pov_no_hs,26.1
653,Hamilton,2021,pov_no_hs_error,6.0
654,Hamilton,2021,pov_bach,3.2
655,Hamilton,2021,pov_bach_error,1.2
656,Hamilton,2021,pov_employed,5.5
657,Hamilton,2021,pov_employed_error,1.2
658,Hamilton,2021,pov_no_work,20.9
659,Hamilton,2021,pov_no_work_error,2.8
660,Hamilton,2022,pov_children,17.1
661,Hamilton,2022,pov_children_error,4.4
662,Hamilton,2022,pov_adult,10.2
663,Hamilton,2022,pov_adult_error,1.7
664,Hamilton,2022,pov_no_hs,26.9
665,Hamilton,2022,pov_no_hs_error,6.4
666,Hamilton,2022,pov_bach,4.7
667,Hamilton,2022,pov_bach_error,1.2
668,Hamilton,2022,pov_employed,4.9
669,Hamilton,2022,pov_employed_error,1.1
670,Hamilton,2022,pov_no_work,18.3
671,Hamilton,2022,pov_no_work_error,2.5
672,Knox,2015,median_household_income,52229
673,Knox,2015,median_income_error,1724
674,Knox,2015,mean_household_income,71235
675,Knox,2015,mean_income_error,2326
676,Knox,2016,median_household_income,52102
677,Knox,2016,median_income_error,1867
678,Knox,2016,mean_household_income,72285
679,Knox,2016,mean_income_error,2221
680,Knox,2017,median_household_income,55266
681,Knox,2017,median_income_error,1750
682,Knox,2017,mean_household_income,79379
683,Knox,2017,mean_income_error,2839
684,Knox,2018,median_household_income,55632
685,Knox,2018,median_income_error,2280
686,Knox,2018,mean_household_income,77584
687,Knox,2018,mean_income_error,2280
688,Knox,2019,median_household_income,60283
689,Knox,2019,median_income_error,2427
690,Knox,2019,mean_household_income,83334
691,Knox,2019,mean_income_error,2819
692,Knox,2021,median_household_income,64894
693,Knox,2021,median_income_error,2367
694,Knox,2021,mean_household_income,88924
695,Knox,2021,mean_income_error,3298
696,Knox,2022,median_household_income,69999
697,Knox,2022,median_income_error,2549
698,Knox,2022,mean_household_income,97387
699,Knox,2022,mean_income_error,3927
700,Knox,2015,pov_children,20.7
701,Knox,2015,pov_children_error,3.4
702,Knox,2015,pov_adult,15.9
703,Knox,2015,pov_adult_error,1.4
704,Knox,2015,pov_no_hs,33.1
705,Knox,2015,pov_no_hs_error,5.2
706,Knox,2015,pov_bach,4.7
707,Knox,2015,pov_bach_error,1.1
708,Knox,2015,pov_employed,8.8
709,Knox,2015,pov_employed_error,1.3
710,Knox,2015,pov_no_work,23.2
711,Knox,2015,pov_no_work_error,2.4
712,Knox,2016,pov_children,17.3
713,Knox,2016,pov_children_error,3.3
714,Knox,2016,pov_adult,15.8
715,Knox,2016,pov_adult_error,1.5
716,Knox,2016,pov_no_hs,23.7
717,Knox,2016,pov_no_hs_error,4.9
718,Knox,2016,pov_bach,3.8
719,Knox,2016,pov_bach_error,0.9
720,Knox,2016,pov_employed,8.5
721,Knox,2016,pov_employed_error,1.1
722,Knox,2016,pov_no_work,22.6
723,Knox,2016,pov_no_work_error,2.4
724,Knox,2017,pov_children,17.8
725,Knox,2017,pov_children_error,2.7
726,Knox,2017,pov_adult,13.9
727,Knox,2017,pov_adult_error,1.5
728,Knox,2017,pov_no_hs,29.2
729,Knox,2017,pov_no_hs_error,5.0
730,Knox,2017,pov_bach,4.4
731,Knox,2017,pov_bach_error,1.2
732,Knox,2017,pov_employed,7.3
733,Knox,2017,pov_employed_error,1.1
734,Knox,2017,pov_no_work,23.4
735,Knox,2017,pov_no_work_error,3.0
736,Knox,2018,pov_children,14.9
737,Knox,2018,pov_children_error,2.8
738,Knox,2018,pov_adult,14.2
739,Knox,2018,pov_adult_error,1.5
740,Knox,2018,pov_no_hs,32.9
741,Knox,2018,pov_no_hs_error,6.7
742,Knox,2018,pov_bach,3.2
743,Knox,2018,pov_bach_error,0.9
744,Knox,2018,pov_employed,7.3
745,Knox,2018,pov_employed_error,1.2
746,Knox,2018,pov_no_work,21.5
747,Knox,2018,pov_no_work_error,2.5
748,Knox,2019,pov_children,16.2
749,Knox,2019,pov_children_error,3.1
750,Knox,2019,pov_adult,13.3
751,Knox,2019,pov_adult_error,1.5
752,Knox,2019,pov_no_hs,29.0
753,Knox,2019,pov_no_hs_error,6.5
754,Knox,2019,pov_bach,4.1
755,Knox,2019,pov_bach_error,0.9
756,Knox,2019,pov_employed,6.5
757,Knox,2019,pov_employed_error,1.2
758,Knox,2019,pov_no_work,23.1
759,Knox,2019,pov_no_work_error,2.6
760,Knox,2021,pov_children,11.4
761,Knox,2021,pov_children_error,3.0
762,Knox,2021,pov_adult,13.3
763,Knox,2021,pov_adult_error,1.4
764,Knox,2021,pov_no_hs,25.4
765,Knox,2021,pov_no_hs_error,3.9
766,Knox,2021,pov_bach,4.1
767,Knox,2021,pov_bach_error,0.9
768,Knox,2021,pov_employed,5.3
769,Knox,2021,pov_employed_error,0.8
770,Knox,2021,pov_no_work,23.5
771,Knox,2021,pov_no_work_error,2.1
772,Knox,2022,pov_children,10.5
773,Knox,2022,pov_children_error,3.0
774,Knox,2022,pov_adult,11.7
775,Knox,2022,pov_adult_error,1.5
776,Knox,2022,pov_no_hs,24.7
777,Knox,2022,pov_no_hs_error,5.4
778,Knox,2022,pov_bach,3.6
779,Knox,2022,pov_bach_error,1.0
780,Knox,2022,pov_employed,5.5
781,Knox,2022,pov_employed_error,0.9
782,Knox,2022,pov_no_work,21.1
783,Knox,2022,pov_no_work_error,3.0
784,Madison,2015,median_household_income,47801
785,Madison,2015,median_income_error,3835
786,Madison,2015,mean_household_income,66565
787,Madison,2015,mean_income_error,6944
788,Madison,2016,median_household_income,41791
789,Madison,2016,median_income_error,2879
790,Madison,2016,mean_household_income,58283
791,Madison,2016,mean_income_error,4092
792,Madison,2017,median_household_income,45013
793,Madison,2017,median_income_error,4711
794,Madison,2017,mean_household_income,63174
795,Madison,2017,mean_income_error,5702
796,Madison,2018,median_household_income,45360
797,Madison,2018,median_income_error,3510
798,Madison,2018,mean_household_income,67782
799,Madison,2018,mean_income_error,3510
800,Madison,2019,median_household_income,49820
801,Madison,2019,median_income_error,3970
802,Madison,2019,mean_household_income,61377
803,Madison,2019,mean_income_error,3977
804,Madison,2021,median_household_income,53720
805,Madison,2021,median_income_error,3203
806,Madison,2021,mean_household_income,74113
807,Madison,2021,mean_income_error,7394
808,Madison,2022,median_household_income,55666
809,Madison,2022,median_income_error,5382
810,Madison,2022,mean_household_income,78630
811,Madison,2022,mean_income_error,5830
812,Madison,2015,pov_children,30.6
813,Madison,2015,pov_children_error,8.0
814,Madison,2015,pov_adult,14.8
815,Madison,2015,pov_adult_error,3.2
816,Madison,2015,pov_no_hs,24.6
817,Madison,2015,pov_no_hs_error,9.8
818,Madison,2015,pov_bach,3.2
819,Madison,2015,pov_bach_error,3.6
820,Madison,2015,pov_employed,9.0
821,Madison,2015,pov_employed_error,2.7
822,Madison,2015,pov_no_work,21.2
823,Madison,2015,pov_no_work_error,4.1
824,Madison,2016,pov_children,27.9
825,Madison,2016,pov_children_error,7.6
826,Madison,2016,pov_adult,19.1
827,Madison,2016,pov_adult_error,3.9
828,Madison,2016,pov_no_hs,32.9
829,Madison,2016,pov_no_hs_error,8.6
830,Madison,2016,pov_bach,5.2
831,Madison,2016,pov_bach_error,2.8
832,Madison,2016,pov_employed,6.2
833,Madison,2016,pov_employed_error,2.1
834,Madison,2016,pov_no_work,31.6
835,Madison,2016,pov_no_work_error,6.4
836,Madison,2017,pov_children,24.2
837,Madison,2017,pov_children_error,8.5
838,Madison,2017,pov_adult,17.4
839,Madison,2017,pov_adult_error,3.4
840,Madison,2017,pov_no_hs,22.7
841,Madison,2017,pov_no_hs_error,9.7
842,Madison,2017,pov_bach,1.3
843,Madison,2017,pov_bach_error,1.3
844,Madison,2017,pov_employed,8.3
845,Madison,2017,pov_employed_error,2.6
846,Madison,2017,pov_no_work,25.9
847,Madison,2017,pov_no_work_error,5.2
848,Madison,2018,pov_children,32.3
849,Madison,2018,pov_children_error,8.1
850,Madison,2018,pov_adult,16.8
851,Madison,2018,pov_adult_error,3.3
852,Madison,2018,pov_no_hs,23.7
853,Madison,2018,pov_no_hs_error,8.0
854,Madison,2018,pov_bach,2.0
855,Madison,2018,pov_bach_error,1.9
856,Madison,2018,pov_employed,7.6
857,Madison,2018,pov_employed_error,2.6
858,Madison,2018,pov_no_work,20.9
859,Madison,2018,pov_no_work_error,5.0
860,Madison,2019,pov_children,33.6
861,Madison,2019,pov_children_error,8.5
862,Madison,2019,pov_adult,14.4
863,Madison,2019,pov_adult_error,3.2
864,Madison,2019,pov_no_hs,29.9
865,Madison,2019,pov_no_hs_error,9.9
866,Madison,2019,pov_bach,2.2
867,Madison,2019,pov_bach_error,1.6
868,Madison,2019,pov_employed,6.4
869,Madison,2019,pov_employed_error,2.3
870,Madison,2019,pov_no_work,27.2
871,Madison,2019,pov_no_work_error,5.1
872,Madison,2021,pov_children,26.7
873,Madison,2021,pov_children_error,6.4
874,Madison,2021,pov_adult,15.4
875,Madison,2021,pov_adult_error,3.0
876,Madison,2021,pov_no_hs,35.6
877,Madison,2021,pov_no_hs_error,12.1
878,Madison,2021,pov_bach,6.9
879,Madison,2021,pov_bach_error,3.8
880,Madison,2021,pov_employed,7.4
881,Madison,2021,pov_employed_error,2.4
882,Madison,2021,pov_no_work,24.8
883,Madison,2021,pov_no_work_error,4.9
884,Madison,2022,pov_children,15.2
885,Madison,2022,pov_children_error,7.4
886,Madison,2022,pov_adult,14.2
887,Madison,2022,pov_adult_error,3.9
888,Madison,2022,pov_no_hs,25.9
889,Madison,2022,pov_no_hs_error,9.3
890,Madison,2022,pov_bach,1.6
891,Madison,2022,pov_bach_error,1.3
892,Madison,2022,pov_employed,7.6
893,Madison,2022,pov_employed_error,3.1
894,Madison,2022,pov_no_work,20.3
895,Madison,2022,pov_no_work_error,5.0
896,Maury,2015,median_household_income,50707
897,Maury,2015,median_income_error,2422
898,Maury,2015,mean_household_income,69151
899,Maury,2015,mean_income_error,11857
900,Maury,2016,median_household_income,50591
901,Maury,2016,median_income_error,2647
902,Maury,2016,mean_household_income,64296
903,Maury,2016,mean_income_error,4831
904,Maury,2017,median_household_income,57258
905,Maury,2017,median_income_error,5141
906,Maury,2017,mean_household_income,73586
907,Maury,2017,mean_income_error,8797
908,Maury,2018,median_household_income,53794
909,Maury,2018,median_income_error,8436
910,Maury,2018,mean_household_income,72552
911,Maury,2018,mean_income_error,8436
912,Maury,2019,median_household_income,66781
913,Maury,2019,median_income_error,2585
914,Maury,2019,mean_household_income,80635
915,Maury,2019,mean_income_error,5116
916,Maury,2021,median_household_income,68840
917,Maury,2021,median_income_error,10348
918,Maury,2021,mean_household_income,97122
919,Maury,2021,mean_income_error,12373
920,Maury,2022,median_household_income,68157
921,Maury,2022,median_income_error,6509
922,Maury,2022,mean_household_income,84572
923,Maury,2022,mean_income_error,5530
924,Maury,2015,pov_children,16.3
925,Maury,2015,pov_children_error,6.0
926,Maury,2015,pov_adult,12.1
927,Maury,2015,pov_adult_error,2.9
928,Maury,2015,pov_no_hs,32.3
929,Maury,2015,pov_no_hs_error,13.4
930,Maury,2015,pov_bach,3.7
931,Maury,2015,pov_bach_error,2.9
932,Maury,2015,pov_employed,6.2
933,Maury,2015,pov_employed_error,1.9
934,Maury,2015,pov_no_work,23.4
935,Maury,2015,pov_no_work_error,6.2
936,Maury,2016,pov_children,14.1
937,Maury,2016,pov_children_error,5.7
938,Maury,2016,pov_adult,9.0
939,Maury,2016,pov_adult_error,2.4
940,Maury,2016,pov_no_hs,21.7
941,Maury,2016,pov_no_hs_error,10.3
942,Maury,2016,pov_bach,3.6
943,Maury,2016,pov_bach_error,2.5
944,Maury,2016,pov_employed,3.3
945,Maury,2016,pov_employed_error,1.6
946,Maury,2016,pov_no_work,16.3
947,Maury,2016,pov_no_work_error,4.0
948,Maury,2017,pov_children,8.2
949,Maury,2017,pov_children_error,5.5
950,Maury,2017,pov_adult,8.7
951,Maury,2017,pov_adult_error,2.9
952,Maury,2017,pov_no_hs,21.0
953,Maury,2017,pov_no_hs_error,10.3
954,Maury,2017,pov_bach,4.2
955,Maury,2017,pov_bach_error,3.1
956,Maury,2017,pov_employed,4.3
957,Maury,2017,pov_employed_error,2.1
958,Maury,2017,pov_no_work,17.4
959,Maury,2017,pov_no_work_error,5.1
960,Maury,2018,pov_children,13.3
961,Maury,2018,pov_children_error,6.1
962,Maury,2018,pov_adult,9.5
963,Maury,2018,pov_adult_error,2.8
964,Maury,2018,pov_no_hs,27.6
965,Maury,2018,pov_no_hs_error,10.8
966,Maury,2018,pov_bach,2.4
967,Maury,2018,pov_bach_error,2.8
968,Maury,2018,pov_employed,3.9
969,Maury,2018,pov_employed_error,1.8
970,Maury,2018,pov_no_work,17.5
971,Maury,2018,pov_no_work_error,4.9
972,Maury,2019,pov_children,7.2
973,Maury,2019,pov_children_error,4.4
974,Maury,2019,pov_adult,6.4
975,Maury,2019,pov_adult_error,1.7
976,Maury,2019,pov_no_hs,12.4
977,Maury,2019,pov_no_hs_error,6.9
978,Maury,2019,pov_bach,1.8
979,Maury,2019,pov_bach_error,1.2
980,Maury,2019,pov_employed,3.1
981,Maury,2019,pov_employed_error,1.4
982,Maury,2019,pov_no_work,12.9
983,Maury,2019,pov_no_work_error,3.7
984,Maury,2021,pov_children,20.2
985,Maury,2021,pov_children_error,8.9
986,Maury,2021,pov_adult,8.2
987,Maury,2021,pov_adult_error,2.4
988,Maury,2021,pov_no_hs,20.6
989,Maury,2021,pov_no_hs_error,12.0
990,Maury,2021,pov_bach,1.7
991,Maury,2021,pov_bach_error,2.4
992,Maury,2021,pov_employed,3.6
993,Maury,2021,pov_employed_error,1.6
994,Maury,2021,pov_no_work,14.4
995,Maury,2021,pov_no_work_error,4.6
996,Maury,2022,pov_children,15.9
997,Maury,2022,pov_children_error,8.8
998,Maury,2022,pov_adult,8.6
999,Maury,2022,pov_adult_error,2.6
1000,Maury,2022,pov_no_hs,30.1
1001,Maury,2022,pov_no_hs_error,15.2
1002,Maury,2022,pov_bach,2.8
1003,Maury,2022,pov_bach_error,2.4
1004,Maury,2022,pov_employed,4.3
1005,Maury,2022,pov_employed_error,2.2
1006,Maury,2022,pov_no_work,16.4
1007,Maury,2022,pov_no_work_error,5.3
1008,Montgomery,2015,median_household_income,48659
1009,Montgomery,2015,median_income_error,3446
1010,Montgomery,2015,mean_household_income,59808
1011,Montgomery,2015,mean_income_error,2436
1012,Montgomery,2016,median_household_income,56112
1013,Montgomery,2016,median_income_error,3259
1014,Montgomery,2016,mean_household_income,65397
1015,Montgomery,2016,mean_income_error,3174
1016,Montgomery,2017,median_household_income,58381
1017,Montgomery,2017,median_income_error,3502
1018,Montgomery,2017,mean_household_income,74219
1019,Montgomery,2017,mean_income_error,4953
1020,Montgomery,2018,median_household_income,56019
1021,Montgomery,2018,median_income_error,4027
1022,Montgomery,2018,mean_household_income,71266
1023,Montgomery,2018,mean_income_error,4027
1024,Montgomery,2019,median_household_income,56948
1025,Montgomery,2019,median_income_error,4433
1026,Montgomery,2019,mean_household_income,71883
1027,Montgomery,2019,mean_income_error,3579
1028,Montgomery,2021,median_household_income,63331
1029,Montgomery,2021,median_income_error,3418
1030,Montgomery,2021,mean_household_income,78121
1031,Montgomery,2021,mean_income_error,4909
1032,Montgomery,2022,median_household_income,67264
1033,Montgomery,2022,median_income_error,3319
1034,Montgomery,2022,mean_household_income,81741
1035,Montgomery,2022,mean_income_error,4477
1036,Montgomery,2015,pov_children,17.3
1037,Montgomery,2015,pov_children_error,4.2
1038,Montgomery,2015,pov_adult,12.5
1039,Montgomery,2015,pov_adult_error,2.1
1040,Montgomery,2015,pov_no_hs,23.0
1041,Montgomery,2015,pov_no_hs_error,10.1
1042,Montgomery,2015,pov_bach,5.1
1043,Montgomery,2015,pov_bach_error,2.8
1044,Montgomery,2015,pov_employed,8.0
1045,Montgomery,2015,pov_employed_error,1.9
1046,Montgomery,2015,pov_no_work,20.4
1047,Montgomery,2015,pov_no_work_error,3.9
1048,Montgomery,2016,pov_children,16.4
1049,Montgomery,2016,pov_children_error,4.8
1050,Montgomery,2016,pov_adult,12.9
1051,Montgomery,2016,pov_adult_error,2.6
1052,Montgomery,2016,pov_no_hs,38.1
1053,Montgomery,2016,pov_no_hs_error,11.6
1054,Montgomery,2016,pov_bach,6.3
1055,Montgomery,2016,pov_bach_error,2.8
1056,Montgomery,2016,pov_employed,7.8
1057,Montgomery,2016,pov_employed_error,2.2
1058,Montgomery,2016,pov_no_work,23.2
1059,Montgomery,2016,pov_no_work_error,4.1
1060,Montgomery,2017,pov_children,16.6
1061,Montgomery,2017,pov_children_error,4.2
1062,Montgomery,2017,pov_adult,12.9
1063,Montgomery,2017,pov_adult_error,1.9
1064,Montgomery,2017,pov_no_hs,25.5
1065,Montgomery,2017,pov_no_hs_error,8.0
1066,Montgomery,2017,pov_bach,5.3
1067,Montgomery,2017,pov_bach_error,1.9
1068,Montgomery,2017,pov_employed,7.8
1069,Montgomery,2017,pov_employed_error,1.8
1070,Montgomery,2017,pov_no_work,22.8
1071,Montgomery,2017,pov_no_work_error,3.4
1072,Montgomery,2018,pov_children,16.9
1073,Montgomery,2018,pov_children_error,4.4
1074,Montgomery,2018,pov_adult,12.1
1075,Montgomery,2018,pov_adult_error,2.3
1076,Montgomery,2018,pov_no_hs,32.4
1077,Montgomery,2018,pov_no_hs_error,10.1
1078,Montgomery,2018,pov_bach,4.0
1079,Montgomery,2018,pov_bach_error,1.6
1080,Montgomery,2018,pov_employed,7.1
1081,Montgomery,2018,pov_employed_error,1.6
1082,Montgomery,2018,pov_no_work,17.1
1083,Montgomery,2018,pov_no_work_error,3.9
1084,Montgomery,2019,pov_children,17.3
1085,Montgomery,2019,pov_children_error,4.5
1086,Montgomery,2019,pov_adult,11.7
1087,Montgomery,2019,pov_adult_error,2.0
1088,Montgomery,2019,pov_no_hs,28.2
1089,Montgomery,2019,pov_no_hs_error,16.1
1090,Montgomery,2019,pov_bach,4.1
1091,Montgomery,2019,pov_bach_error,2.1
1092,Montgomery,2019,pov_employed,7.2
1093,Montgomery,2019,pov_employed_error,1.9
1094,Montgomery,2019,pov_no_work,17.9
1095,Montgomery,2019,pov_no_work_error,3.7
1096,Montgomery,2021,pov_children,14.1
1097,Montgomery,2021,pov_children_error,5.6
1098,Montgomery,2021,pov_adult,10.3
1099,Montgomery,2021,pov_adult_error,2.3
1100,Montgomery,2021,pov_no_hs,16.3
1101,Montgomery,2021,pov_no_hs_error,7.4
1102,Montgomery,2021,pov_bach,5.1
1103,Montgomery,2021,pov_bach_error,2.4
1104,Montgomery,2021,pov_employed,5.9
1105,Montgomery,2021,pov_employed_error,1.8
1106,Montgomery,2021,pov_no_work,17.8
1107,Montgomery,2021,pov_no_work_error,4.3
1108,Montgomery,2022,pov_children,16.0
1109,Montgomery,2022,pov_children_error,4.5
1110,Montgomery,2022,pov_adult,10.4
1111,Montgomery,2022,pov_adult_error,1.9
1112,Montgomery,2022,pov_no_hs,22.9
1113,Montgomery,2022,pov_no_hs_error,11.4
1114,Montgomery,2022,pov_bach,6.3
1115,Montgomery,2022,pov_bach_error,2.3
1116,Montgomery,2022,pov_employed,6.9
1117,Montgomery,2022,pov_employed_error,1.8
1118,Montgomery,2022,pov_no_work,19.3
1119,Montgomery,2022,pov_no_work_error,4.3
1120,Putnam,2015,median_household_income,40623
1121,Putnam,2015,median_income_error,3695
1122,Putnam,2015,mean_household_income,54684
1123,Putnam,2015,mean_income_error,5226
1124,Putnam,2016,median_household_income,37437
1125,Putnam,2016,median_income_error,5732
1126,Putnam,2016,mean_household_income,56080
1127,Putnam,2016,mean_income_error,5108
1128,Putnam,2017,median_household_income,39647
1129,Putnam,2017,median_income_error,5488
1130,Putnam,2017,mean_household_income,56471
1131,Putnam,2017,mean_income_error,5299
1132,Putnam,2018,median_household_income,45199
1133,Putnam,2018,median_income_error,4066
1134,Putnam,2018,mean_household_income,61425
1135,Putnam,2018,mean_income_error,4066
1136,Putnam,2019,median_household_income,49282
1137,Putnam,2019,median_income_error,4756
1138,Putnam,2019,mean_household_income,63818
1139,Putnam,2019,mean_income_error,5225
1140,Putnam,2021,median_household_income,52278
1141,Putnam,2021,median_income_error,6605
1142,Putnam,2021,mean_household_income,71272
1143,Putnam,2021,mean_income_error,5526
1144,Putnam,2022,median_household_income,54373
1145,Putnam,2022,median_income_error,4493
1146,Putnam,2022,mean_household_income,70930
1147,Putnam,2022,mean_income_error,6461
1148,Putnam,2015,pov_children,22.0
1149,Putnam,2015,pov_children_error,6.8
1150,Putnam,2015,pov_adult,23.0
1151,Putnam,2015,pov_adult_error,4.3
1152,Putnam,2015,pov_no_hs,24.0
1153,Putnam,2015,pov_no_hs_error,7.7
1154,Putnam,2015,pov_bach,3.3
1155,Putnam,2015,pov_bach_error,3.0
1156,Putnam,2015,pov_employed,8.9
1157,Putnam,2015,pov_employed_error,3.4
1158,Putnam,2015,pov_no_work,33.2
1159,Putnam,2015,pov_no_work_error,6.3
1160,Putnam,2016,pov_children,27.5
1161,Putnam,2016,pov_children_error,9.0
1162,Putnam,2016,pov_adult,20.5
1163,Putnam,2016,pov_adult_error,3.7
1164,Putnam,2016,pov_no_hs,26.8
1165,Putnam,2016,pov_no_hs_error,8.7
1166,Putnam,2016,pov_bach,4.7
1167,Putnam,2016,pov_bach_error,2.8
1168,Putnam,2016,pov_employed,15.2
1169,Putnam,2016,pov_employed_error,3.8
1170,Putnam,2016,pov_no_work,24.7
1171,Putnam,2016,pov_no_work_error,4.6
1172,Putnam,2017,pov_children,34.4
1173,Putnam,2017,pov_children_error,13.2
1174,Putnam,2017,pov_adult,21.8
1175,Putnam,2017,pov_adult_error,4.3
1176,Putnam,2017,pov_no_hs,25.4
1177,Putnam,2017,pov_no_hs_error,9.1
1178,Putnam,2017,pov_bach,1.6
1179,Putnam,2017,pov_bach_error,1.7
1180,Putnam,2017,pov_employed,12.4
1181,Putnam,2017,pov_employed_error,3.7
1182,Putnam,2017,pov_no_work,25.6
1183,Putnam,2017,pov_no_work_error,5.3
1184,Putnam,2018,pov_children,7.1
1185,Putnam,2018,pov_children_error,5.9
1186,Putnam,2018,pov_adult,17.1
1187,Putnam,2018,pov_adult_error,3.7
1188,Putnam,2018,pov_no_hs,23.2
1189,Putnam,2018,pov_no_hs_error,11.6
1190,Putnam,2018,pov_bach,1.6
1191,Putnam,2018,pov_bach_error,1.3
1192,Putnam,2018,pov_employed,9.6
1193,Putnam,2018,pov_employed_error,3.2
1194,Putnam,2018,pov_no_work,19.8
1195,Putnam,2018,pov_no_work_error,4.3
1196,Putnam,2019,pov_children,22.1
1197,Putnam,2019,pov_children_error,9.7
1198,Putnam,2019,pov_adult,18.7
1199,Putnam,2019,pov_adult_error,4.4
1200,Putnam,2019,pov_no_hs,34.9
1201,Putnam,2019,pov_no_hs_error,15.1
1202,Putnam,2019,pov_bach,3.0
1203,Putnam,2019,pov_bach_error,2.5
1204,Putnam,2019,pov_employed,10.6
1205,Putnam,2019,pov_employed_error,4.3
1206,Putnam,2019,pov_no_work,22.1
1207,Putnam,2019,pov_no_work_error,5.5
1208,Putnam,2021,pov_children,15.4
1209,Putnam,2021,pov_children_error,8.7
1210,Putnam,2021,pov_adult,10.8
1211,Putnam,2021,pov_adult_error,2.9
1212,Putnam,2021,pov_no_hs,13.1
1213,Putnam,2021,pov_no_hs_error,6.8
1214,Putnam,2021,pov_bach,5.9
1215,Putnam,2021,pov_bach_error,4.6
1216,Putnam,2021,pov_employed,7.0
1217,Putnam,2021,pov_employed_error,2.6
1218,Putnam,2021,pov_no_work,22.6
1219,Putnam,2021,pov_no_work_error,6.9
1220,Putnam,2022,pov_children,30.9
1221,Putnam,2022,pov_children_error,9.6
1222,Putnam,2022,pov_adult,19.6
1223,Putnam,2022,pov_adult_error,4.4
1224,Putnam,2022,pov_no_hs,48.0
1225,Putnam,2022,pov_no_hs_error,14.1
1226,Putnam,2022,pov_bach,7.0
1227,Putnam,2022,pov_bach_error,4.8
1228,Putnam,2022,pov_employed,11.8
1229,Putnam,2022,pov_employed_error,3.8
1230,Putnam,2022,pov_no_work,32.4
1231,Putnam,2022,pov_no_work_error,6.8
1232,Robertson,2015,median_household_income,53204
1233,Robertson,2015,median_income_error,3907
1234,Robertson,2015,mean_household_income,65232
1235,Robertson,2015,mean_income_error,5021
1236,Robertson,2016,median_household_income,60423
1237,Robertson,2016,median_income_error,5914
1238,Robertson,2016,mean_household_income,74977
1239,Robertson,2016,mean_income_error,8166
1240,Robertson,2017,median_household_income,60474
1241,Robertson,2017,median_income_error,4325
1242,Robertson,2017,mean_household_income,76340
1243,Robertson,2017,mean_income_error,6231
1244,Robertson,2018,median_household_income,69079
1245,Robertson,2018,median_income_error,5733
1246,Robertson,2018,mean_household_income,83572
1247,Robertson,2018,mean_income_error,5733
1248,Robertson,2019,median_household_income,66939
1249,Robertson,2019,median_income_error,6714
1250,Robertson,2019,mean_household_income,83276
1251,Robertson,2019,mean_income_error,8631
1252,Robertson,2021,median_household_income,65139
1253,Robertson,2021,median_income_error,9101
1254,Robertson,2021,mean_household_income,83770
1255,Robertson,2021,mean_income_error,9341
1256,Robertson,2022,median_household_income,79171
1257,Robertson,2022,median_income_error,7719
1258,Robertson,2022,mean_household_income,89642
1259,Robertson,2022,mean_income_error,6384
1260,Robertson,2015,pov_children,20.4
1261,Robertson,2015,pov_children_error,7.5
1262,Robertson,2015,pov_adult,10.5
1263,Robertson,2015,pov_adult_error,3.0
1264,Robertson,2015,pov_no_hs,16.0
1265,Robertson,2015,pov_no_hs_error,9.5
1266,Robertson,2015,pov_bach,9.2
1267,Robertson,2015,pov_bach_error,7.7
1268,Robertson,2015,pov_employed,7.8
1269,Robertson,2015,pov_employed_error,2.3
1270,Robertson,2015,pov_no_work,17.5
1271,Robertson,2015,pov_no_work_error,6.5
1272,Robertson,2016,pov_children,13.1
1273,Robertson,2016,pov_children_error,5.6
1274,Robertson,2016,pov_adult,6.9
1275,Robertson,2016,pov_adult_error,2.3
1276,Robertson,2016,pov_no_hs,16.7
1277,Robertson,2016,pov_no_hs_error,6.6
1278,Robertson,2016,pov_bach,2.4
1279,Robertson,2016,pov_bach_error,2.0
1280,Robertson,2016,pov_employed,2.6
1281,Robertson,2016,pov_employed_error,1.2
1282,Robertson,2016,pov_no_work,13.4
1283,Robertson,2016,pov_no_work_error,4.8
1284,Robertson,2017,pov_children,22.6
1285,Robertson,2017,pov_children_error,8.8
1286,Robertson,2017,pov_adult,11.8
1287,Robertson,2017,pov_adult_error,3.4
1288,Robertson,2017,pov_no_hs,26.4
1289,Robertson,2017,pov_no_hs_error,10.5
1290,Robertson,2017,pov_bach,1.1
1291,Robertson,2017,pov_bach_error,1.4
1292,Robertson,2017,pov_employed,6.5
1293,Robertson,2017,pov_employed_error,2.9
1294,Robertson,2017,pov_no_work,18.4
1295,Robertson,2017,pov_no_work_error,4.8
1296,Robertson,2018,pov_children,16.3
1297,Robertson,2018,pov_children_error,6.4
1298,Robertson,2018,pov_adult,9.7
1299,Robertson,2018,pov_adult_error,2.9
1300,Robertson,2018,pov_no_hs,14.7
1301,Robertson,2018,pov_no_hs_error,8.4
1302,Robertson,2018,pov_bach,1.5
1303,Robertson,2018,pov_bach_error,1.2
1304,Robertson,2018,pov_employed,3.5
1305,Robertson,2018,pov_employed_error,1.6
1306,Robertson,2018,pov_no_work,19.5
1307,Robertson,2018,pov_no_work_error,4.8
1308,Robertson,2019,pov_children,15.7
1309,Robertson,2019,pov_children_error,5.9
1310,Robertson,2019,pov_adult,9.5
1311,Robertson,2019,pov_adult_error,2.9
1312,Robertson,2019,pov_no_hs,24.2
1313,Robertson,2019,pov_no_hs_error,8.2
1314,Robertson,2019,pov_bach,4.0
1315,Robertson,2019,pov_bach_error,3.0
1316,Robertson,2019,pov_employed,3.1
1317,Robertson,2019,pov_employed_error,1.4
1318,Robertson,2019,pov_no_work,22.4
1319,Robertson,2019,pov_no_work_error,5.5
1320,Robertson,2021,pov_children,11.4
1321,Robertson,2021,pov_children_error,5.3
1322,Robertson,2021,pov_adult,10.5
1323,Robertson,2021,pov_adult_error,3.3
1324,Robertson,2021,pov_no_hs,21.4
1325,Robertson,2021,pov_no_hs_error,11.4
1326,Robertson,2021,pov_bach,12.4
1327,Robertson,2021,pov_bach_error,9.5
1328,Robertson,2021,pov_employed,4.2
1329,Robertson,2021,pov_employed_error,2.0
1330,Robertson,2021,pov_no_work,20.6
1331,Robertson,2021,pov_no_work_error,7.9
1332,Robertson,2022,pov_children,10.5
1333,Robertson,2022,pov_children_error,6.9
1334,Robertson,2022,pov_adult,6.6
1335,Robertson,2022,pov_adult_error,2.5
1336,Robertson,2022,pov_no_hs,23.1
1337,Robertson,2022,pov_no_hs_error,10.0
1338,Robertson,2022,pov_bach,1.0
1339,Robertson,2022,pov_bach_error,1.2
1340,Robertson,2022,pov_employed,4.3
1341,Robertson,2022,pov_employed_error,2.2
1342,Robertson,2022,pov_no_work,10.3
1343,Robertson,2022,pov_no_work_error,4.5
1344,Rutherford,2015,median_household_income,60043
1345,Rutherford,2015,median_income_error,2524
1346,Rutherford,2015,mean_household_income,72790
1347,Rutherford,2015,mean_income_error,3080
1348,Rutherford,2016,median_household_income,61157
1349,Rutherford,2016,median_income_error,1718
1350,Rutherford,2016,mean_household_income,75267
1351,Rutherford,2016,mean_income_error,2771
1352,Rutherford,2017,median_household_income,68514
1353,Rutherford,2017,median_income_error,3017
1354,Rutherford,2017,mean_household_income,84383
1355,Rutherford,2017,mean_income_error,3922
1356,Rutherford,2018,median_household_income,63739
1357,Rutherford,2018,median_income_error,2605
1358,Rutherford,2018,mean_household_income,77231
1359,Rutherford,2018,mean_income_error,2605
1360,Rutherford,2019,median_household_income,69397
1361,Rutherford,2019,median_income_error,3316
1362,Rutherford,2019,mean_household_income,85374
1363,Rutherford,2019,mean_income_error,3853
1364,Rutherford,2021,median_household_income,78201
1365,Rutherford,2021,median_income_error,3562
1366,Rutherford,2021,mean_household_income,94724
1367,Rutherford,2021,mean_income_error,4941
1368,Rutherford,2022,median_household_income,76857
1369,Rutherford,2022,median_income_error,3189
1370,Rutherford,2022,mean_household_income,92198
1371,Rutherford,2022,mean_income_error,3228
1372,Rutherford,2015,pov_children,12.5
1373,Rutherford,2015,pov_children_error,3.9
1374,Rutherford,2015,pov_adult,11.2
1375,Rutherford,2015,pov_adult_error,1.9
1376,Rutherford,2015,pov_no_hs,23.3
1377,Rutherford,2015,pov_no_hs_error,8.1
1378,Rutherford,2015,pov_bach,3.8
1379,Rutherford,2015,pov_bach_error,1.5
1380,Rutherford,2015,pov_employed,7.5
1381,Rutherford,2015,pov_employed_error,1.7
1382,Rutherford,2015,pov_no_work,16.6
1383,Rutherford,2015,pov_no_work_error,3.0
1384,Rutherford,2016,pov_children,14.1
1385,Rutherford,2016,pov_children_error,3.7
1386,Rutherford,2016,pov_adult,10.0
1387,Rutherford,2016,pov_adult_error,1.7
1388,Rutherford,2016,pov_no_hs,15.1
1389,Rutherford,2016,pov_no_hs_error,7.4
1390,Rutherford,2016,pov_bach,3.5
1391,Rutherford,2016,pov_bach_error,1.4
1392,Rutherford,2016,pov_employed,6.9
1393,Rutherford,2016,pov_employed_error,1.4
1394,Rutherford,2016,pov_no_work,14.1
1395,Rutherford,2016,pov_no_work_error,2.9
1396,Rutherford,2017,pov_children,14.5
1397,Rutherford,2017,pov_children_error,3.9
1398,Rutherford,2017,pov_adult,9.4
1399,Rutherford,2017,pov_adult_error,1.8
1400,Rutherford,2017,pov_no_hs,30.5
1401,Rutherford,2017,pov_no_hs_error,9.4
1402,Rutherford,2017,pov_bach,3.2
1403,Rutherford,2017,pov_bach_error,1.5
1404,Rutherford,2017,pov_employed,5.9
1405,Rutherford,2017,pov_employed_error,1.5
1406,Rutherford,2017,pov_no_work,17.6
1407,Rutherford,2017,pov_no_work_error,3.8
1408,Rutherford,2018,pov_children,12.4
1409,Rutherford,2018,pov_children_error,3.9
1410,Rutherford,2018,pov_adult,11.3
1411,Rutherford,2018,pov_adult_error,1.8
1412,Rutherford,2018,pov_no_hs,20.9
1413,Rutherford,2018,pov_no_hs_error,8.1
1414,Rutherford,2018,pov_bach,4.8
1415,Rutherford,2018,pov_bach_error,2.0
1416,Rutherford,2018,pov_employed,6.5
1417,Rutherford,2018,pov_employed_error,1.5
1418,Rutherford,2018,pov_no_work,17.0
1419,Rutherford,2018,pov_no_work_error,3.4
1420,Rutherford,2019,pov_children,16.1
1421,Rutherford,2019,pov_children_error,5.2
1422,Rutherford,2019,pov_adult,9.8
1423,Rutherford,2019,pov_adult_error,2.0
1424,Rutherford,2019,pov_no_hs,19.4
1425,Rutherford,2019,pov_no_hs_error,6.7
1426,Rutherford,2019,pov_bach,7.6
1427,Rutherford,2019,pov_bach_error,2.9
1428,Rutherford,2019,pov_employed,5.8
1429,Rutherford,2019,pov_employed_error,1.6
1430,Rutherford,2019,pov_no_work,16.8
1431,Rutherford,2019,pov_no_work_error,3.7
1432,Rutherford,2021,pov_children,10.5
1433,Rutherford,2021,pov_children_error,3.7
1434,Rutherford,2021,pov_adult,8.3
1435,Rutherford,2021,pov_adult_error,1.7
1436,Rutherford,2021,pov_no_hs,13.9
1437,Rutherford,2021,pov_no_hs_error,5.6
1438,Rutherford,2021,pov_bach,3.1
1439,Rutherford,2021,pov_bach_error,1.4
1440,Rutherford,2021,pov_employed,5.2
1441,Rutherford,2021,pov_employed_error,1.4
1442,Rutherford,2021,pov_no_work,12.6
1443,Rutherford,2021,pov_no_work_error,3.5
1444,Rutherford,2022,pov_children,11.2
1445,Rutherford,2022,pov_children_error,3.2
1446,Rutherford,2022,pov_adult,9.1
1447,Rutherford,2022,pov_adult_error,1.6
1448,Rutherford,2022,pov_no_hs,13.6
1449,Rutherford,2022,pov_no_hs_error,5.0
1450,Rutherford,2022,pov_bach,2.7
1451,Rutherford,2022,pov_bach_error,1.1
1452,Rutherford,2022,pov_employed,5.8
1453,Rutherford,2022,pov_employed_error,1.3
1454,Rutherford,2022,pov_no_work,16.1
1455,Rutherford,2022,pov_no_work_error,2.9
1456,Sevier,2015,median_household_income,42107
1457,Sevier,2015,median_income_error,3446
1458,Sevier,2015,mean_household_income,58829
1459,Sevier,2015,mean_income_error,6180
1460,Sevier,2016,median_household_income,45609
1461,Sevier,2016,median_income_error,2290
1462,Sevier,2016,mean_household_income,56756
1463,Sevier,2016,mean_income_error,4632
1464,Sevier,2017,median_household_income,49963
1465,Sevier,2017,median_income_error,3674
1466,Sevier,2017,mean_household_income,61472
1467,Sevier,2017,mean_income_error,6856
1468,Sevier,2018,median_household_income,47411
1469,Sevier,2018,median_income_error,5282
1470,Sevier,2018,mean_household_income,60363
1471,Sevier,2018,mean_income_error,5282
1472,Sevier,2019,median_household_income,57741
1473,Sevier,2019,median_income_error,5866
1474,Sevier,2019,mean_household_income,71579
1475,Sevier,2019,mean_income_error,7930
1476,Sevier,2021,median_household_income,50239
1477,Sevier,2021,median_income_error,4888
1478,Sevier,2021,mean_household_income,72069
1479,Sevier,2021,mean_income_error,7700
1480,Sevier,2022,median_household_income,59315
1481,Sevier,2022,median_income_error,5447
1482,Sevier,2022,mean_household_income,77051
1483,Sevier,2022,mean_income_error,6492
1484,Sevier,2015,pov_children,18.2
1485,Sevier,2015,pov_children_error,7.1
1486,Sevier,2015,pov_adult,13.5
1487,Sevier,2015,pov_adult_error,3.2
1488,Sevier,2015,pov_no_hs,26.6
1489,Sevier,2015,pov_no_hs_error,8.4
1490,Sevier,2015,pov_bach,6.5
1491,Sevier,2015,pov_bach_error,4.2
1492,Sevier,2015,pov_employed,8.1
1493,Sevier,2015,pov_employed_error,2.8
1494,Sevier,2015,pov_no_work,20.3
1495,Sevier,2015,pov_no_work_error,4.7
1496,Sevier,2016,pov_children,26.3
1497,Sevier,2016,pov_children_error,9.9
1498,Sevier,2016,pov_adult,14.8
1499,Sevier,2016,pov_adult_error,3.0
1500,Sevier,2016,pov_no_hs,14.3
1501,Sevier,2016,pov_no_hs_error,6.6
1502,Sevier,2016,pov_bach,5.7
1503,Sevier,2016,pov_bach_error,3.2
1504,Sevier,2016,pov_employed,8.3
1505,Sevier,2016,pov_employed_error,2.9
1506,Sevier,2016,pov_no_work,20.4
1507,Sevier,2016,pov_no_work_error,5.3
1508,Sevier,2017,pov_children,15.1
1509,Sevier,2017,pov_children_error,6.5
1510,Sevier,2017,pov_adult,12.7
1511,Sevier,2017,pov_adult_error,3.3
1512,Sevier,2017,pov_no_hs,16.1
1513,Sevier,2017,pov_no_hs_error,10.0
1514,Sevier,2017,pov_bach,6.0
1515,Sevier,2017,pov_bach_error,4.4
1516,Sevier,2017,pov_employed,8.8
1517,Sevier,2017,pov_employed_error,2.4
1518,Sevier,2017,pov_no_work,13.0
1519,Sevier,2017,pov_no_work_error,4.9
1520,Sevier,2018,pov_children,26.3
1521,Sevier,2018,pov_children_error,8.9
1522,Sevier,2018,pov_adult,13.5
1523,Sevier,2018,pov_adult_error,2.8
1524,Sevier,2018,pov_no_hs,22.1
1525,Sevier,2018,pov_no_hs_error,9.1
1526,Sevier,2018,pov_bach,3.7
1527,Sevier,2018,pov_bach_error,3.2
1528,Sevier,2018,pov_employed,8.4
1529,Sevier,2018,pov_employed_error,2.4
1530,Sevier,2018,pov_no_work,16.6
1531,Sevier,2018,pov_no_work_error,5.1
1532,Sevier,2019,pov_children,22.2
1533,Sevier,2019,pov_children_error,10.1
1534,Sevier,2019,pov_adult,11.3
1535,Sevier,2019,pov_adult_error,3.1
1536,Sevier,2019,pov_no_hs,22.3
1537,Sevier,2019,pov_no_hs_error,8.7
1538,Sevier,2019,pov_bach,4.5
1539,Sevier,2019,pov_bach_error,3.1
1540,Sevier,2019,pov_employed,7.0
1541,Sevier,2019,pov_employed_error,2.9
1542,Sevier,2019,pov_no_work,18.1
1543,Sevier,2019,pov_no_work_error,4.2
1544,Sevier,2021,pov_children,19.4
1545,Sevier,2021,pov_children_error,8.3
1546,Sevier,2021,pov_adult,15.7
1547,Sevier,2021,pov_adult_error,4.0
1548,Sevier,2021,pov_no_hs,27.6
1549,Sevier,2021,pov_no_hs_error,12.9
1550,Sevier,2021,pov_bach,2.9
1551,Sevier,2021,pov_bach_error,2.1
1552,Sevier,2021,pov_employed,7.7
1553,Sevier,2021,pov_employed_error,2.5
1554,Sevier,2021,pov_no_work,20.9
1555,Sevier,2021,pov_no_work_error,6.9
1556,Sevier,2022,pov_children,15.1
1557,Sevier,2022,pov_children_error,5.2
1558,Sevier,2022,pov_adult,11.0
1559,Sevier,2022,pov_adult_error,2.6
1560,Sevier,2022,pov_no_hs,22.3
1561,Sevier,2022,pov_no_hs_error,8.7
1562,Sevier,2022,pov_bach,6.7
1563,Sevier,2022,pov_bach_error,3.9
1564,Sevier,2022,pov_employed,6.3
1565,Sevier,2022,pov_employed_error,1.7
1566,Sevier,2022,pov_no_work,16.6
1567,Sevier,2022,pov_no_work_error,4.6
1568,Shelby,2015,median_household_income,47083
1569,Shelby,2015,median_income_error,1324
1570,Shelby,2015,mean_household_income,69389
1571,Shelby,2015,mean_income_error,2167
1572,Shelby,2016,median_household_income,47690
1573,Shelby,2016,median_income_error,1986
1574,Shelby,2016,mean_household_income,70860
1575,Shelby,2016,mean_income_error,2067
1576,Shelby,2017,median_household_income,49647
1577,Shelby,2017,median_income_error,1745
1578,Shelby,2017,mean_household_income,74498
1579,Shelby,2017,mean_income_error,2359
1580,Shelby,2018,median_household_income,47500
1581,Shelby,2018,median_income_error,2160
1582,Shelby,2018,mean_household_income,70862
1583,Shelby,2018,mean_income_error,2160
1584,Shelby,2019,median_household_income,52614
1585,Shelby,2019,median_income_error,2477
1586,Shelby,2019,mean_household_income,80016
1587,Shelby,2019,mean_income_error,2576
1588,Shelby,2021,median_household_income,54841
1589,Shelby,2021,median_income_error,2034
1590,Shelby,2021,mean_household_income,84590
1591,Shelby,2021,mean_income_error,3098
1592,Shelby,2022,median_household_income,61516
1593,Shelby,2022,median_income_error,1977
1594,Shelby,2022,mean_household_income,90039
1595,Shelby,2022,mean_income_error,3043
1596,Shelby,2015,pov_children,32.4
1597,Shelby,2015,pov_children_error,2.8
1598,Shelby,2015,pov_adult,16.8
1599,Shelby,2015,pov_adult_error,1.2
1600,Shelby,2015,pov_no_hs,32.1
1601,Shelby,2015,pov_no_hs_error,4.3
1602,Shelby,2015,pov_bach,3.6
1603,Shelby,2015,pov_bach_error,0.8
1604,Shelby,2015,pov_employed,8.9
1605,Shelby,2015,pov_employed_error,0.8
1606,Shelby,2015,pov_no_work,27.1
1607,Shelby,2015,pov_no_work_error,1.9
1608,Shelby,2016,pov_children,34.5
1609,Shelby,2016,pov_children_error,2.9
1610,Shelby,2016,pov_adult,17.5
1611,Shelby,2016,pov_adult_error,1.3
1612,Shelby,2016,pov_no_hs,33.9
1613,Shelby,2016,pov_no_hs_error,3.2
1614,Shelby,2016,pov_bach,5.4
1615,Shelby,2016,pov_bach_error,1.0
1616,Shelby,2016,pov_employed,8.5
1617,Shelby,2016,pov_employed_error,0.8
1618,Shelby,2016,pov_no_work,29.1
1619,Shelby,2016,pov_no_work_error,2.1
1620,Shelby,2017,pov_children,30.2
1621,Shelby,2017,pov_children_error,2.8
1622,Shelby,2017,pov_adult,15.9
1623,Shelby,2017,pov_adult_error,1.3
1624,Shelby,2017,pov_no_hs,33.5
1625,Shelby,2017,pov_no_hs_error,3.5
1626,Shelby,2017,pov_bach,4.1
1627,Shelby,2017,pov_bach_error,0.9
1628,Shelby,2017,pov_employed,6.9
1629,Shelby,2017,pov_employed_error,0.9
1630,Shelby,2017,pov_no_work,28.5
1631,Shelby,2017,pov_no_work_error,2.1
1632,Shelby,2018,pov_children,34.6
1633,Shelby,2018,pov_children_error,4.1
1634,Shelby,2018,pov_adult,18.6
1635,Shelby,2018,pov_adult_error,1.4
1636,Shelby,2018,pov_no_hs,35.6
1637,Shelby,2018,pov_no_hs_error,4.8
1638,Shelby,2018,pov_bach,5.5
1639,Shelby,2018,pov_bach_error,1.5
1640,Shelby,2018,pov_employed,8.9
1641,Shelby,2018,pov_employed_error,1.0
1642,Shelby,2018,pov_no_work,30.6
1643,Shelby,2018,pov_no_work_error,2.4
1644,Shelby,2019,pov_children,25.9
1645,Shelby,2019,pov_children_error,3.5
1646,Shelby,2019,pov_adult,14.3
1647,Shelby,2019,pov_adult_error,1.4
1648,Shelby,2019,pov_no_hs,32.1
1649,Shelby,2019,pov_no_hs_error,4.2
1650,Shelby,2019,pov_bach,2.9
1651,Shelby,2019,pov_bach_error,0.8
1652,Shelby,2019,pov_employed,6.7
1653,Shelby,2019,pov_employed_error,0.9
1654,Shelby,2019,pov_no_work,27.2
1655,Shelby,2019,pov_no_work_error,2.4
1656,Shelby,2021,pov_children,24.1
1657,Shelby,2021,pov_children_error,3.6
1658,Shelby,2021,pov_adult,16.1
1659,Shelby,2021,pov_adult_error,1.4
1660,Shelby,2021,pov_no_hs,31.4
1661,Shelby,2021,pov_no_hs_error,4.0
1662,Shelby,2021,pov_bach,4.9
1663,Shelby,2021,pov_bach_error,1.0
1664,Shelby,2021,pov_employed,7.4
1665,Shelby,2021,pov_employed_error,0.8
1666,Shelby,2021,pov_no_work,30.6
1667,Shelby,2021,pov_no_work_error,2.4
1668,Shelby,2022,pov_children,23.7
1669,Shelby,2022,pov_children_error,2.9
1670,Shelby,2022,pov_adult,14.5
1671,Shelby,2022,pov_adult_error,1.3
1672,Shelby,2022,pov_no_hs,32.5
1673,Shelby,2022,pov_no_hs_error,4.8
1674,Shelby,2022,pov_bach,4.1
1675,Shelby,2022,pov_bach_error,0.8
1676,Shelby,2022,pov_employed,6.6
1677,Shelby,2022,pov_employed_error,0.9
1678,Shelby,2022,pov_no_work,27.5
1679,Shelby,2022,pov_no_work_error,2.2
1680,Sullivan,2015,median_household_income,42012
1681,Sullivan,2015,median_income_error,2948
1682,Sullivan,2015,mean_household_income,59433
1683,Sullivan,2015,mean_income_error,3269
1684,Sullivan,2016,median_household_income,42859
1685,Sullivan,2016,median_income_error,2576
1686,Sullivan,2016,mean_household_income,58135
1687,Sullivan,2016,mean_income_error,3055
1688,Sullivan,2017,median_household_income,44909
1689,Sullivan,2017,median_income_error,3388
1690,Sullivan,2017,mean_household_income,66605
1691,Sullivan,2017,mean_income_error,4962
1692,Sullivan,2018,median_household_income,44652
1693,Sullivan,2018,median_income_error,4723
1694,Sullivan,2018,mean_household_income,65798
1695,Sullivan,2018,mean_income_error,4723
1696,Sullivan,2019,median_household_income,51860
1697,Sullivan,2019,median_income_error,4362
1698,Sullivan,2019,mean_household_income,69377
1699,Sullivan,2019,mean_income_error,4963
1700,Sullivan,2021,median_household_income,48063
1701,Sullivan,2021,median_income_error,4061
1702,Sullivan,2021,mean_household_income,75064
1703,Sullivan,2021,mean_income_error,6272
1704,Sullivan,2022,median_household_income,53585
1705,Sullivan,2022,median_income_error,3521
1706,Sullivan,2022,mean_household_income,74476
1707,Sullivan,2022,mean_income_error,4870
1708,Sullivan,2015,pov_children,25.0
1709,Sullivan,2015,pov_children_error,5.3
1710,Sullivan,2015,pov_adult,15.3
1711,Sullivan,2015,pov_adult_error,2.4
1712,Sullivan,2015,pov_no_hs,32.6
1713,Sullivan,2015,pov_no_hs_error,7.5
1714,Sullivan,2015,pov_bach,1.3
1715,Sullivan,2015,pov_bach_error,0.7
1716,Sullivan,2015,pov_employed,7.3
1717,Sullivan,2015,pov_employed_error,1.5
1718,Sullivan,2015,pov_no_work,20.2
1719,Sullivan,2015,pov_no_work_error,3.6
1720,Sullivan,2016,pov_children,25.6
1721,Sullivan,2016,pov_children_error,7.3
1722,Sullivan,2016,pov_adult,16.3
1723,Sullivan,2016,pov_adult_error,3.2
1724,Sullivan,2016,pov_no_hs,25.6
1725,Sullivan,2016,pov_no_hs_error,7.0
1726,Sullivan,2016,pov_bach,0.8
1727,Sullivan,2016,pov_bach_error,0.7
1728,Sullivan,2016,pov_employed,7.8
1729,Sullivan,2016,pov_employed_error,1.9
1730,Sullivan,2016,pov_no_work,21.1
1731,Sullivan,2016,pov_no_work_error,4.1
1732,Sullivan,2017,pov_children,26.2
1733,Sullivan,2017,pov_children_error,5.8
1734,Sullivan,2017,pov_adult,15.1
1735,Sullivan,2017,pov_adult_error,2.3
1736,Sullivan,2017,pov_no_hs,32.6
1737,Sullivan,2017,pov_no_hs_error,6.3
1738,Sullivan,2017,pov_bach,3.2
1739,Sullivan,2017,pov_bach_error,1.4
1740,Sullivan,2017,pov_employed,5.4
1741,Sullivan,2017,pov_employed_error,1.3
1742,Sullivan,2017,pov_no_work,19.6
1743,Sullivan,2017,pov_no_work_error,2.8
1744,Sullivan,2018,pov_children,27.7
1745,Sullivan,2018,pov_children_error,6.8
1746,Sullivan,2018,pov_adult,15.6
1747,Sullivan,2018,pov_adult_error,2.7
1748,Sullivan,2018,pov_no_hs,31.8
1749,Sullivan,2018,pov_no_hs_error,6.2
1750,Sullivan,2018,pov_bach,4.7
1751,Sullivan,2018,pov_bach_error,1.7
1752,Sullivan,2018,pov_employed,7.6
1753,Sullivan,2018,pov_employed_error,1.7
1754,Sullivan,2018,pov_no_work,21.1
1755,Sullivan,2018,pov_no_work_error,3.5
1756,Sullivan,2019,pov_children,27.0
1757,Sullivan,2019,pov_children_error,9.5
1758,Sullivan,2019,pov_adult,13.9
1759,Sullivan,2019,pov_adult_error,2.5
1760,Sullivan,2019,pov_no_hs,28.8
1761,Sullivan,2019,pov_no_hs_error,5.9
1762,Sullivan,2019,pov_bach,4.6
1763,Sullivan,2019,pov_bach_error,1.8
1764,Sullivan,2019,pov_employed,6.8
1765,Sullivan,2019,pov_employed_error,1.7
1766,Sullivan,2019,pov_no_work,19.7
1767,Sullivan,2019,pov_no_work_error,3.5
1768,Sullivan,2021,pov_children,30.1
1769,Sullivan,2021,pov_children_error,6.8
1770,Sullivan,2021,pov_adult,16.9
1771,Sullivan,2021,pov_adult_error,2.7
1772,Sullivan,2021,pov_no_hs,27.7
1773,Sullivan,2021,pov_no_hs_error,7.8
1774,Sullivan,2021,pov_bach,6.1
1775,Sullivan,2021,pov_bach_error,2.4
1776,Sullivan,2021,pov_employed,6.4
1777,Sullivan,2021,pov_employed_error,1.9
1778,Sullivan,2021,pov_no_work,23.7
1779,Sullivan,2021,pov_no_work_error,4.0
1780,Sullivan,2022,pov_children,27.8
1781,Sullivan,2022,pov_children_error,8.8
1782,Sullivan,2022,pov_adult,13.7
1783,Sullivan,2022,pov_adult_error,2.7
1784,Sullivan,2022,pov_no_hs,33.1
1785,Sullivan,2022,pov_no_hs_error,7.7
1786,Sullivan,2022,pov_bach,1.8
1787,Sullivan,2022,pov_bach_error,1.1
1788,Sullivan,2022,pov_employed,6.1
1789,Sullivan,2022,pov_employed_error,1.9
1790,Sullivan,2022,pov_no_work,20.3
1791,Sullivan,2022,pov_no_work_error,3.1
1792,Sumner,2015,median_household_income,59753
1793,Sumner,2015,median_income_error,3849
1794,Sumner,2015,mean_household_income,76310
1795,Sumner,2015,mean_income_error,4769
1796,Sumner,2016,median_household_income,60503
1797,Sumner,2016,median_income_error,3522
1798,Sumner,2016,mean_household_income,78533
1799,Sumner,2016,mean_income_error,4656
1800,Sumner,2017,median_household_income,65014
1801,Sumner,2017,median_income_error,2775
1802,Sumner,2017,mean_household_income,88519
1803,Sumner,2017,mean_income_error,6569
1804,Sumner,2018,median_household_income,65948
1805,Sumner,2018,median_income_error,2156
1806,Sumner,2018,mean_household_income,88937
1807,Sumner,2018,mean_income_error,2156
1808,Sumner,2019,median_household_income,68743
1809,Sumner,2019,median_income_error,3889
1810,Sumner,2019,mean_household_income,94687
1811,Sumner,2019,mean_income_error,7831
1812,Sumner,2021,median_household_income,70092
1813,Sumner,2021,median_income_error,4000
1814,Sumner,2021,mean_household_income,91790
1815,Sumner,2021,mean_income_error,5370
1816,Sumner,2022,median_household_income,88764
1817,Sumner,2022,median_income_error,7014
1818,Sumner,2022,mean_household_income,107927
1819,Sumner,2022,mean_income_error,6111
1820,Sumner,2015,pov_children,11.4
1821,Sumner,2015,pov_children_error,4.2
1822,Sumner,2015,pov_adult,9.6
1823,Sumner,2015,pov_adult_error,1.9
1824,Sumner,2015,pov_no_hs,16.6
1825,Sumner,2015,pov_no_hs_error,5.8
1826,Sumner,2015,pov_bach,2.4
1827,Sumner,2015,pov_bach_error,1.5
1828,Sumner,2015,pov_employed,4.1
1829,Sumner,2015,pov_employed_error,1.1
1830,Sumner,2015,pov_no_work,19.0
1831,Sumner,2015,pov_no_work_error,4.0
1832,Sumner,2016,pov_children,13.3
1833,Sumner,2016,pov_children_error,3.0
1834,Sumner,2016,pov_adult,9.0
1835,Sumner,2016,pov_adult_error,1.6
1836,Sumner,2016,pov_no_hs,21.2
1837,Sumner,2016,pov_no_hs_error,6.1
1838,Sumner,2016,pov_bach,1.1
1839,Sumner,2016,pov_bach_error,0.7
1840,Sumner,2016,pov_employed,4.3
1841,Sumner,2016,pov_employed_error,1.2
1842,Sumner,2016,pov_no_work,16.3
1843,Sumner,2016,pov_no_work_error,3.3
1844,Sumner,2017,pov_children,8.6
1845,Sumner,2017,pov_children_error,3.9
1846,Sumner,2017,pov_adult,7.8
1847,Sumner,2017,pov_adult_error,1.8
1848,Sumner,2017,pov_no_hs,19.7
1849,Sumner,2017,pov_no_hs_error,6.7
1850,Sumner,2017,pov_bach,4.5
1851,Sumner,2017,pov_bach_error,2.2
1852,Sumner,2017,pov_employed,4.8
1853,Sumner,2017,pov_employed_error,1.3
1854,Sumner,2017,pov_no_work,14.7
1855,Sumner,2017,pov_no_work_error,3.9
1856,Sumner,2018,pov_children,11.6
1857,Sumner,2018,pov_children_error,3.3
1858,Sumner,2018,pov_adult,7.7
1859,Sumner,2018,pov_adult_error,1.5
1860,Sumner,2018,pov_no_hs,13.9
1861,Sumner,2018,pov_no_hs_error,4.4
1862,Sumner,2018,pov_bach,3.5
1863,Sumner,2018,pov_bach_error,1.7
1864,Sumner,2018,pov_employed,3.2
1865,Sumner,2018,pov_employed_error,0.9
1866,Sumner,2018,pov_no_work,17.8
1867,Sumner,2018,pov_no_work_error,2.9
1868,Sumner,2019,pov_children,12.0
1869,Sumner,2019,pov_children_error,5.0
1870,Sumner,2019,pov_adult,8.4
1871,Sumner,2019,pov_adult_error,2.3
1872,Sumner,2019,pov_no_hs,14.0
1873,Sumner,2019,pov_no_hs_error,6.6
1874,Sumner,2019,pov_bach,2.3
1875,Sumner,2019,pov_bach_error,1.3
1876,Sumner,2019,pov_employed,4.3
1877,Sumner,2019,pov_employed_error,1.6
1878,Sumner,2019,pov_no_work,12.7
1879,Sumner,2019,pov_no_work_error,3.9
1880,Sumner,2021,pov_children,8.9
1881,Sumner,2021,pov_children_error,3.3
1882,Sumner,2021,pov_adult,8.0
1883,Sumner,2021,pov_adult_error,1.9
1884,Sumner,2021,pov_no_hs,19.2
1885,Sumner,2021,pov_no_hs_error,6.8
1886,Sumner,2021,pov_bach,2.1
1887,Sumner,2021,pov_bach_error,1.2
1888,Sumner,2021,pov_employed,4.2
1889,Sumner,2021,pov_employed_error,1.3
1890,Sumner,2021,pov_no_work,15.1
1891,Sumner,2021,pov_no_work_error,3.7
1892,Sumner,2022,pov_children,5.1
1893,Sumner,2022,pov_children_error,2.4
1894,Sumner,2022,pov_adult,5.7
1895,Sumner,2022,pov_adult_error,1.6
1896,Sumner,2022,pov_no_hs,19.8
1897,Sumner,2022,pov_no_hs_error,9.1
1898,Sumner,2022,pov_bach,1.6
1899,Sumner,2022,pov_bach_error,1.1
1900,Sumner,2022,pov_employed,2.4
1901,Sumner,2022,pov_employed_error,0.9
1902,Sumner,2022,pov_no_work,16.3
1903,Sumner,2022,pov_no_work_error,4.0
1904,Washington,2015,median_household_income,45484
1905,Washington,2015,median_income_error,4323
1906,Washington,2015,mean_household_income,63720
1907,Washington,2015,mean_income_error,5390
1908,Washington,2016,median_household_income,46276
1909,Washington,2016,median_income_error,2735
1910,Washington,2016,mean_household_income,62660
1911,Washington,2016,mean_income_error,4283
1912,Washington,2017,median_household_income,40697
1913,Washington,2017,median_income_error,3322
1914,Washington,2017,mean_household_income,64451
1915,Washington,2017,mean_income_error,4787
1916,Washington,2018,median_household_income,48765
1917,Washington,2018,median_income_error,4700
1918,Washington,2018,mean_household_income,68336
1919,Washington,2018,mean_income_error,4700
1920,Washington,2019,median_household_income,51428
1921,Washington,2019,median_income_error,5236
1922,Washington,2019,mean_household_income,73919
1923,Washington,2019,mean_income_error,5905
1924,Washington,2021,median_household_income,56009
1925,Washington,2021,median_income_error,5081
1926,Washington,2021,mean_household_income,83489
1927,Washington,2021,mean_income_error,9335
1928,Washington,2022,median_household_income,64899
1929,Washington,2022,median_income_error,3507
1930,Washington,2022,mean_household_income,92486
1931,Washington,2022,mean_income_error,9688
1932,Washington,2015,pov_children,22.9
1933,Washington,2015,pov_children_error,7.1
1934,Washington,2015,pov_adult,18.0
1935,Washington,2015,pov_adult_error,2.7
1936,Washington,2015,pov_no_hs,23.4
1937,Washington,2015,pov_no_hs_error,7.1
1938,Washington,2015,pov_bach,6.0
1939,Washington,2015,pov_bach_error,2.6
1940,Washington,2015,pov_employed,8.3
1941,Washington,2015,pov_employed_error,2.2
1942,Washington,2015,pov_no_work,24.9
1943,Washington,2015,pov_no_work_error,4.1
1944,Washington,2016,pov_children,20.7
1945,Washington,2016,pov_children_error,6.9
1946,Washington,2016,pov_adult,15.1
1947,Washington,2016,pov_adult_error,2.4
1948,Washington,2016,pov_no_hs,18.0
1949,Washington,2016,pov_no_hs_error,7.2
1950,Washington,2016,pov_bach,3.8
1951,Washington,2016,pov_bach_error,1.8
1952,Washington,2016,pov_employed,9.5
1953,Washington,2016,pov_employed_error,2.2
1954,Washington,2016,pov_no_work,19.3
1955,Washington,2016,pov_no_work_error,3.8
1956,Washington,2017,pov_children,17.5
1957,Washington,2017,pov_children_error,6.3
1958,Washington,2017,pov_adult,16.4
1959,Washington,2017,pov_adult_error,2.9
1960,Washington,2017,pov_no_hs,28.6
1961,Washington,2017,pov_no_hs_error,10.3
1962,Washington,2017,pov_bach,4.8
1963,Washington,2017,pov_bach_error,2.8
1964,Washington,2017,pov_employed,9.0
1965,Washington,2017,pov_employed_error,2.6
1966,Washington,2017,pov_no_work,20.7
1967,Washington,2017,pov_no_work_error,4.1
1968,Washington,2018,pov_children,16.5
1969,Washington,2018,pov_children_error,5.5
1970,Washington,2018,pov_adult,15.1
1971,Washington,2018,pov_adult_error,2.4
1972,Washington,2018,pov_no_hs,26.2
1973,Washington,2018,pov_no_hs_error,12.7
1974,Washington,2018,pov_bach,7.0
1975,Washington,2018,pov_bach_error,3.2
1976,Washington,2018,pov_employed,8.1
1977,Washington,2018,pov_employed_error,2.3
1978,Washington,2018,pov_no_work,23.1
1979,Washington,2018,pov_no_work_error,4.3
1980,Washington,2019,pov_children,21.6
1981,Washington,2019,pov_children_error,5.9
1982,Washington,2019,pov_adult,17.3
1983,Washington,2019,pov_adult_error,2.7
1984,Washington,2019,pov_no_hs,34.0
1985,Washington,2019,pov_no_hs_error,10.9
1986,Washington,2019,pov_bach,6.1
1987,Washington,2019,pov_bach_error,2.8
1988,Washington,2019,pov_employed,7.7
1989,Washington,2019,pov_employed_error,1.6
1990,Washington,2019,pov_no_work,26.0
1991,Washington,2019,pov_no_work_error,4.9
1992,Washington,2021,pov_children,19.7
1993,Washington,2021,pov_children_error,7.0
1994,Washington,2021,pov_adult,15.1
1995,Washington,2021,pov_adult_error,2.5
1996,Washington,2021,pov_no_hs,33.2
1997,Washington,2021,pov_no_hs_error,12.0
1998,Washington,2021,pov_bach,3.4
1999,Washington,2021,pov_bach_error,1.5
2000,Washington,2021,pov_employed,8.3
2001,Washington,2021,pov_employed_error,1.9
2002,Washington,2021,pov_no_work,20.5
2003,Washington,2021,pov_no_work_error,4.0
2004,Washington,2022,pov_children,18.2
2005,Washington,2022,pov_children_error,7.4
2006,Washington,2022,pov_adult,13.6
2007,Washington,2022,pov_adult_error,2.7
2008,Washington,2022,pov_no_hs,39.8
2009,Washington,2022,pov_no_hs_error,12.0
2010,Washington,2022,pov_bach,4.1
2011,Washington,2022,pov_bach_error,2.0
2012,Washington,2022,pov_employed,9.5
2013,Washington,2022,pov_employed_error,2.2
2014,Washington,2022,pov_no_work,18.2
2015,Washington,2022,pov_no_work_error,4.1
2016,Williamson,2015,median_household_income,102881
2017,Williamson,2015,median_income_error,5602
2018,Williamson,2015,mean_household_income,139896
2019,Williamson,2015,mean_income_error,7218
2020,Williamson,2016,median_household_income,106054
2021,Williamson,2016,median_income_error,5194
2022,Williamson,2016,mean_household_income,137681
2023,Williamson,2016,mean_income_error,6693
2024,Williamson,2017,median_household_income,105622
2025,Williamson,2017,median_income_error,7697
2026,Williamson,2017,mean_household_income,139874
2027,Williamson,2017,mean_income_error,6302
2028,Williamson,2018,median_household_income,110700
2029,Williamson,2018,median_income_error,7754
2030,Williamson,2018,mean_household_income,144348
2031,Williamson,2018,mean_income_error,7754
2032,Williamson,2019,median_household_income,115507
2033,Williamson,2019,median_income_error,7624
2034,Williamson,2019,mean_household_income,155149
2035,Williamson,2019,mean_income_error,7911
2036,Williamson,2021,median_household_income,117927
2037,Williamson,2021,median_income_error,9101
2038,Williamson,2021,mean_household_income,160511
2039,Williamson,2021,mean_income_error,8882
2040,Williamson,2022,median_household_income,129275
2041,Williamson,2022,median_income_error,7717
2042,Williamson,2022,mean_household_income,175034
2043,Williamson,2022,mean_income_error,8178
2044,Williamson,2015,pov_children,5.3
2045,Williamson,2015,pov_children_error,2.6
2046,Williamson,2015,pov_adult,4.1
2047,Williamson,2015,pov_adult_error,1.3
2048,Williamson,2015,pov_no_hs,15.9
2049,Williamson,2015,pov_no_hs_error,6.9
2050,Williamson,2015,pov_bach,2.1
2051,Williamson,2015,pov_bach_error,1.0
2052,Williamson,2015,pov_employed,2.0
2053,Williamson,2015,pov_employed_error,0.9
2054,Williamson,2015,pov_no_work,9.9
2055,Williamson,2015,pov_no_work_error,2.7
2056,Williamson,2016,pov_children,6.8
2057,Williamson,2016,pov_children_error,2.3
2058,Williamson,2016,pov_adult,5.8
2059,Williamson,2016,pov_adult_error,1.6
2060,Williamson,2016,pov_no_hs,27.3
2061,Williamson,2016,pov_no_hs_error,14.2
2062,Williamson,2016,pov_bach,2.3
2063,Williamson,2016,pov_bach_error,1.0
2064,Williamson,2016,pov_employed,3.2
2065,Williamson,2016,pov_employed_error,1.2
2066,Williamson,2016,pov_no_work,10.2
2067,Williamson,2016,pov_no_work_error,3.2
2068,Williamson,2017,pov_children,2.8
2069,Williamson,2017,pov_children_error,1.4
2070,Williamson,2017,pov_adult,3.7
2071,Williamson,2017,pov_adult_error,1.1
2072,Williamson,2017,pov_no_hs,4.4
2073,Williamson,2017,pov_no_hs_error,4.7
2074,Williamson,2017,pov_bach,1.7
2075,Williamson,2017,pov_bach_error,0.9
2076,Williamson,2017,pov_employed,2.1
2077,Williamson,2017,pov_employed_error,0.8
2078,Williamson,2017,pov_no_work,5.9
2079,Williamson,2017,pov_no_work_error,2.2
2080,Williamson,2018,pov_children,1.9
2081,Williamson,2018,pov_children_error,1.2
2082,Williamson,2018,pov_adult,3.4
2083,Williamson,2018,pov_adult_error,1.3
2084,Williamson,2018,pov_no_hs,9.5
2085,Williamson,2018,pov_no_hs_error,6.3
2086,Williamson,2018,pov_bach,1.4
2087,Williamson,2018,pov_bach_error,0.6
2088,Williamson,2018,pov_employed,2.5
2089,Williamson,2018,pov_employed_error,1.1
2090,Williamson,2018,pov_no_work,6.5
2091,Williamson,2018,pov_no_work_error,2.1
2092,Williamson,2019,pov_children,4.4
2093,Williamson,2019,pov_children_error,2.1
2094,Williamson,2019,pov_adult,4.4
2095,Williamson,2019,pov_adult_error,1.4
2096,Williamson,2019,pov_no_hs,22.6
2097,Williamson,2019,pov_no_hs_error,11.9
2098,Williamson,2019,pov_bach,1.4
2099,Williamson,2019,pov_bach_error,0.7
2100,Williamson,2019,pov_employed,2.3
2101,Williamson,2019,pov_employed_error,1.0
2102,Williamson,2019,pov_no_work,10.6
2103,Williamson,2019,pov_no_work_error,3.2
2104,Williamson,2021,pov_children,3.5
2105,Williamson,2021,pov_children_error,1.9
2106,Williamson,2021,pov_adult,3.6
2107,Williamson,2021,pov_adult_error,1.0
2108,Williamson,2021,pov_no_hs,11.8
2109,Williamson,2021,pov_no_hs_error,9.1
2110,Williamson,2021,pov_bach,1.9
2111,Williamson,2021,pov_bach_error,0.8
2112,Williamson,2021,pov_employed,1.5
2113,Williamson,2021,pov_employed_error,0.6
2114,Williamson,2021,pov_no_work,8.8
2115,Williamson,2021,pov_no_work_error,2.6
2116,Williamson,2022,pov_children,3.4
2117,Williamson,2022,pov_children_error,1.9
2118,Williamson,2022,pov_adult,3.8
2119,Williamson,2022,pov_adult_error,1.2
2120,Williamson,2022,pov_no_hs,7.3
2121,Williamson,2022,pov_no_hs_error,5.7
2122,Williamson,2022,pov_bach,1.5
2123,Williamson,2022,pov_bach_error,0.7
2124,Williamson,2022,pov_employed,2.3
2125,Williamson,2022,pov_employed_error,1.0
2126,Williamson,2022,pov_no_work,7.0
2127,Williamson,2022,pov_no_work_error,2.4
2128,Wilson,2015,median_household_income,64476
2129,Wilson,2015,median_income_error,6249
2130,Wilson,2015,mean_household_income,82508
2131,Wilson,2015,mean_income_error,5578
2132,Wilson,2016,median_household_income,71153
2133,Wilson,2016,median_income_error,2996
2134,Wilson,2016,mean_household_income,84232
2135,Wilson,2016,mean_income_error,4197
2136,Wilson,2017,median_household_income,69959
2137,Wilson,2017,median_income_error,4384
2138,Wilson,2017,mean_household_income,84880
2139,Wilson,2017,mean_income_error,4513
2140,Wilson,2018,median_household_income,76756
2141,Wilson,2018,median_income_error,4344
2142,Wilson,2018,mean_household_income,90808
2143,Wilson,2018,mean_income_error,4344
2144,Wilson,2019,median_household_income,80071
2145,Wilson,2019,median_income_error,6534
2146,Wilson,2019,mean_household_income,99956
2147,Wilson,2019,mean_income_error,6046
2148,Wilson,2021,median_household_income,80960
2149,Wilson,2021,median_income_error,7246
2150,Wilson,2021,mean_household_income,99591
2151,Wilson,2021,mean_income_error,6914
2152,Wilson,2022,median_household_income,87003
2153,Wilson,2022,median_income_error,6567
2154,Wilson,2022,mean_household_income,104647
2155,Wilson,2022,mean_income_error,5990
2156,Wilson,2015,pov_children,7.1
2157,Wilson,2015,pov_children_error,4.0
2158,Wilson,2015,pov_adult,7.1
2159,Wilson,2015,pov_adult_error,3.0
2160,Wilson,2015,pov_no_hs,16.9
2161,Wilson,2015,pov_no_hs_error,7.0
2162,Wilson,2015,pov_bach,2.3
2163,Wilson,2015,pov_bach_error,1.9
2164,Wilson,2015,pov_employed,1.5
2165,Wilson,2015,pov_employed_error,0.8
2166,Wilson,2015,pov_no_work,16.4
2167,Wilson,2015,pov_no_work_error,6.7
2168,Wilson,2016,pov_children,11.1
2169,Wilson,2016,pov_children_error,4.4
2170,Wilson,2016,pov_adult,7.1
2171,Wilson,2016,pov_adult_error,1.8
2172,Wilson,2016,pov_no_hs,19.6
2173,Wilson,2016,pov_no_hs_error,8.8
2174,Wilson,2016,pov_bach,3.2
2175,Wilson,2016,pov_bach_error,2.0
2176,Wilson,2016,pov_employed,2.9
2177,Wilson,2016,pov_employed_error,0.9
2178,Wilson,2016,pov_no_work,14.2
2179,Wilson,2016,pov_no_work_error,4.1
2180,Wilson,2017,pov_children,13.5
2181,Wilson,2017,pov_children_error,4.5
2182,Wilson,2017,pov_adult,7.9
2183,Wilson,2017,pov_adult_error,2.2
2184,Wilson,2017,pov_no_hs,19.6
2185,Wilson,2017,pov_no_hs_error,9.2
2186,Wilson,2017,pov_bach,4.1
2187,Wilson,2017,pov_bach_error,2.2
2188,Wilson,2017,pov_employed,3.9
2189,Wilson,2017,pov_employed_error,1.3
2190,Wilson,2017,pov_no_work,14.5
2191,Wilson,2017,pov_no_work_error,3.9
2192,Wilson,2018,pov_children,10.1
2193,Wilson,2018,pov_children_error,5.0
2194,Wilson,2018,pov_adult,8.1
2195,Wilson,2018,pov_adult_error,2.4
2196,Wilson,2018,pov_no_hs,19.5
2197,Wilson,2018,pov_no_hs_error,8.1
2198,Wilson,2018,pov_bach,1.7
2199,Wilson,2018,pov_bach_error,1.3
2200,Wilson,2018,pov_employed,2.6
2201,Wilson,2018,pov_employed_error,1.3
2202,Wilson,2018,pov_no_work,17.2
2203,Wilson,2018,pov_no_work_error,4.1
2204,Wilson,2019,pov_children,12.1
2205,Wilson,2019,pov_children_error,4.8
2206,Wilson,2019,pov_adult,6.6
2207,Wilson,2019,pov_adult_error,1.9
2208,Wilson,2019,pov_no_hs,12.8
2209,Wilson,2019,pov_no_hs_error,7.8
2210,Wilson,2019,pov_bach,2.8
2211,Wilson,2019,pov_bach_error,1.9
2212,Wilson,2019,pov_employed,4.0
2213,Wilson,2019,pov_employed_error,1.7
2214,Wilson,2019,pov_no_work,11.7
2215,Wilson,2019,pov_no_work_error,3.1
2216,Wilson,2021,pov_children,6.8
2217,Wilson,2021,pov_children_error,3.4
2218,Wilson,2021,pov_adult,8.5
2219,Wilson,2021,pov_adult_error,2.7
2220,Wilson,2021,pov_no_hs,20.5
2221,Wilson,2021,pov_no_hs_error,10.0
2222,Wilson,2021,pov_bach,3.3
2223,Wilson,2021,pov_bach_error,1.8
2224,Wilson,2021,pov_employed,3.2
2225,Wilson,2021,pov_employed_error,1.3
2226,Wilson,2021,pov_no_work,17.0
2227,Wilson,2021,pov_no_work_error,5.7
2228,Wilson,2022,pov_children,9.2
2229,Wilson,2022,pov_children_error,4.1
2230,Wilson,2022,pov_adult,6.6
2231,Wilson,2022,pov_adult_error,2.0
2232,Wilson,2022,pov_no_hs,19.8
2233,Wilson,2022,pov_no_hs_error,8.9
2234,Wilson,2022,pov_bach,1.6
2235,Wilson,2022,pov_bach_error,1.0
2236,Wilson,2022,pov_employed,2.6
2237,Wilson,2022,pov_employed_error,0.9
2238,Wilson,2022,pov_no_work,15.7
2239,Wilson,2022,pov_no_work_error,4.7
